TimeStamp,Delta_TP9,Delta_AF7,Delta_AF8,Delta_TP10,Theta_TP9,Theta_AF7,Theta_AF8,Theta_TP10,Alpha_TP9,Alpha_AF7,Alpha_AF8,Alpha_TP10,Beta_TP9,Beta_AF7,Beta_AF8,Beta_TP10,Gamma_TP9,Gamma_AF7,Gamma_AF8,Gamma_TP10,RAW_TP9,RAW_AF7,RAW_AF8,RAW_TP10,AUX_RIGHT,Accelerometer_X,Accelerometer_Y,Accelerometer_Z,Gyro_X,Gyro_Y,Gyro_Z,HeadBandOn,HSI_TP9,HSI_AF7,HSI_AF8,HSI_TP10,Battery,Elements
2020-03-10 14:26:44.159,0.3596572,0.67345613,-0.061107073,0.37959674,0.14073233,0.24144317,-0.028112313,0.21273462,0.98460656,0.6678744,0.30901104,0.9748134,0.55161995,0.4975365,0.11290698,0.54086554,0.63410324,0.77859575,-0.63299483,0.50930166,799.41394,813.1135,143.0403,810.293,704.7253,-0.13653564453125,0.01947021484375,1.00555419921875,2.160797119140625,-6.841278076171875,-0.0,1,1.0,1.0,1.0,1.0,50.00
2020-03-10 14:26:46.168,0.9931409,0.58765006,-0.061107073,0.7584357,0.39880452,0.4033982,-0.028112313,0.3965544,1.0001552,0.47837898,0.30901104,1.1255585,0.4865687,0.5434576,0.11290698,0.5555534,0.5954759,0.60907096,-0.63299483,0.54307157,862.27106,754.68866,16.117216,855.42126,768.7912,-0.14874267578125,0.01666259765625,1.00640869140625,1.1663818359375,-4.463653564453125,-1.2860107421875,1,1.0,1.0,1.0,1.0,50.00
2020-03-10 14:26:47.958,,,,,,,,,,,,,,,,,,,,,,,,,,,,,,,,,,,,,,/muse/elements/blink
2020-03-10 14:26:48.188,-0.1468351,0.06967786,-0.061107073,0.23344298,-0.09793708,0.00680478,-0.028112313,0.32327217,0.8792906,0.13020529,0.30901104,0.9736116,0.47249788,0.42196405,0.11290698,0.5593482,0.62836194,-0.13103989,-0.63299483,0.55155045,780.4762,776.4469,48.35165,780.4762,924.3223,-0.17840576171875,0.02557373046875,0.996826171875,1.6748046875,-6.80389404296875,-1.682281494140625,1,1.0,1.0,1.0,1.0,50.00
2020-03-10 14:26:49.497,,,,,,,,,,,,,,,,,,,,,,,,,,,,,,,,,,,,,,/muse/elements/blink
2020-03-10 14:26:50.213,-0.1468351,0.97993016,-0.061107073,0.23344298,-0.09793708,0.36228186,-0.028112313,0.32327217,0.8792906,0.46144825,0.30901104,0.9736116,0.47249788,0.6537746,0.11290698,0.5593482,0.62836194,0.13673714,-0.63299483,0.55155045,807.8755,799.011,544.7619,801.02563,670.87915,-0.17425537109375,0.02459716796875,0.997314453125,2.489776611328125,-5.630035400390625,-0.58319091796875,1,2.0,1.0,1.0,2.0,50.00
2020-03-10 14:26:52.224,0.290781,-0.33377507,-0.061107073,0.68409044,-0.04210772,-0.1485115,-0.028112313,0.39079836,1.0599756,0.29488784,0.30901104,0.9970841,0.2260615,0.38994384,0.11290698,0.4426348,-0.0298318,-0.22705023,-0.63299483,0.26139948,766.3736,793.36993,481.0989,759.5238,724.87177,-0.1849365234375,0.03515625,0.9913330078125,0.710296630859375,-4.44122314453125,-2.190704345703125,1,1.0,1.0,2.0,1.0,50.00
2020-03-10 14:26:54.252,0.540108,0.46579555,-0.061107073,0.75914884,0.061937764,0.11554965,-0.028112313,0.42091644,0.798222,0.25708464,0.30901104,0.8418219,0.3642918,0.47797853,0.11290698,0.37613755,0.05567785,-0.17178485,-0.63299483,0.3084233,800.6227,792.5641,545.56775,786.1172,670.4762,-0.209716796875,0.04522705078125,0.98773193359375,1.487884521484375,-6.347808837890625,0.179443359375,1,1.0,1.0,2.0,1.0,55.00
2020-03-10 14:26:54.742,,,,,,,,,,,,,,,,,,,,,,,,,,,,,,,,,,,,,,/muse/elements/blink
2020-03-10 14:26:55.377,,,,,,,,,,,,,,,,,,,,,,,,,,,,,,,,,,,,,,/muse/elements/blink
2020-03-10 14:26:56.276,0.540108,-0.09407778,-0.061107073,1.3821206,0.061937764,-0.101804756,-0.028112313,0.8422893,0.798222,-0.14630996,0.30901104,0.8529591,0.3642918,0.38239092,0.11290698,0.5735572,0.05567785,0.101174384,-0.63299483,0.06295397,799.011,778.46155,502.05127,817.9487,788.93774,-0.21429443359375,0.03851318359375,0.99761962890625,3.18511962890625,-4.1571044921875,-0.426177978515625,1,1.0,1.0,2.0,1.0,55.00
2020-03-10 14:26:58.302,0.23298788,0.35889795,-0.061107073,0.25870857,0.33997017,0.1911021,-0.028112313,0.50596434,1.3354104,0.532868,0.30901104,1.1314185,0.5293058,0.5348248,0.11290698,0.66866904,0.6076621,0.60636425,-0.63299483,0.5870218,787.326,794.57874,496.00732,793.36993,799.41394,-0.1990966796875,0.05841064453125,0.99346923828125,3.446807861328125,-4.358978271484375,0.441131591796875,1,1.0,1.0,2.0,1.0,55.00
2020-03-10 14:27:00.318,0.4197766,0.32278365,-0.061107073,0.6288674,0.11090878,-0.031850547,-0.028112313,0.35095206,1.2222826,0.61198246,0.30901104,1.2711114,0.3614342,0.69306135,0.11290698,0.5079433,0.45893463,0.62103266,-0.63299483,0.53427625,805.05493,805.05493,745.0183,797.3993,690.2198,-0.2010498046875,0.04833984375,0.9814453125,1.89910888671875,-6.228179931640625,-0.994415283203125,1,1.0,1.0,2.0,1.0,55.00
2020-03-10 14:27:02.362,0.42468485,0.09033782,-0.061107073,0.55702996,0.15384898,-0.2738216,-0.028112313,0.3497207,1.2034303,0.18122934,0.30901104,1.0880322,0.2793433,0.6112134,0.11290698,0.46684253,0.559952,0.6690085,-0.63299483,0.5933914,815.9341,792.5641,663.6264,805.8608,733.3333,-0.2012939453125,0.03094482421875,0.99737548828125,1.278533935546875,-4.9346923828125,-2.70660400390625,1,1.0,1.0,2.0,1.0,55.00
2020-03-10 14:27:04.371,0.18369348,0.6669568,-0.061107073,0.20502119,0.25215098,0.39257467,-0.028112313,0.22382525,1.1944064,0.6287123,0.30901104,1.0653638,0.63474166,0.76608026,0.11290698,0.7390721,0.5915045,0.5619474,-0.63299483,0.67226243,817.1429,820.3663,254.24908,808.68134,1023.8461,-0.1751708984375,0.03143310546875,1.0029296875,2.6318359375,-5.375823974609375,-1.27105712890625,1,1.0,1.0,2.0,1.0,55.00
2020-03-10 14:27:06.372,0.4327057,0.6785677,-0.061107073,0.6104718,0.13521692,0.25807926,-0.028112313,0.3432242,1.4625993,0.5712237,0.30901104,1.3105133,0.6081538,0.76735485,0.11290698,0.7116129,0.49717855,0.58457786,-0.63299483,0.43428662,786.1172,793.7729,750.2564,783.2967,677.326,-0.18603515625,0.0284423828125,0.99652099609375,2.863616943359375,-4.02252197265625,0.067291259765625,1,1.0,1.0,2.0,1.0,55.00
2020-03-10 14:27:08.395,0.52542865,0.6331505,-0.061107073,0.8424219,0.3463535,0.17517382,-0.028112313,0.47370377,1.3804551,0.37229335,0.30901104,1.5098137,0.5757639,0.48863858,0.11290698,0.7298634,0.5233822,0.5424966,-0.63299483,0.531305,843.3333,754.68866,732.52747,846.55676,901.75824,-0.1727294921875,0.02276611328125,1.00018310546875,1.33087158203125,-5.510406494140625,-0.381317138671875,1,1.0,1.0,2.0,1.0,55.00
2020-03-10 14:27:10.435,0.33802637,0.24763668,-0.061107073,0.38083565,0.22880319,-0.017840294,-0.028112313,0.3684666,0.7150151,0.39249733,0.30901104,0.84315974,0.49924883,0.33244082,0.11290698,0.50627565,0.23686182,0.1451381,-0.63299483,0.40328237,824.3956,794.17584,520.58606,841.31866,998.86444,-0.1932373046875,0.0185546875,0.99847412109375,1.7645263671875,-3.566436767578125,-0.829925537109375,1,1.0,1.0,2.0,1.0,55.00
2020-03-10 14:27:12.451,0.55041313,0.27370393,-0.061107073,0.81978995,0.4193393,-0.07316165,-0.028112313,0.51996326,1.1498315,0.16027877,0.30901104,1.0709356,0.5119855,0.40926272,0.11290698,0.47496033,-0.18772906,-0.028133644,-0.63299483,0.04379576,777.6557,819.15753,623.73627,785.7143,817.5458,-0.18389892578125,0.02545166015625,0.99188232421875,1.786956787109375,-4.35150146484375,-0.418701171875,1,1.0,1.0,2.0,1.0,55.00
2020-03-10 14:27:12.785,,,,,,,,,,,,,,,,,,,,,,,,,,,,,,,,,,,,,,/muse/elements/blink
2020-03-10 14:27:14.500,-0.051545143,0.4345021,-0.061107073,0.27867213,-0.05350287,0.08514124,-0.028112313,0.4984872,0.67645013,-0.28627613,0.30901104,0.3656444,0.46091107,0.30101278,0.11290698,0.44152752,-0.21492387,0.22332942,-0.63299483,-0.18463841,809.89014,767.5824,589.89014,804.65204,760.7326,-0.19293212890625,0.01220703125,0.99755859375,1.06170654296875,-4.702911376953125,-1.906585693359375,1,1.0,1.0,2.0,1.0,55.00
2020-03-10 14:27:16.516,0.8014338,0.9017667,-0.061107073,0.8912095,0.55025494,0.5840662,-0.028112313,0.72031987,1.0388534,0.3890732,0.30901104,1.2676132,0.59731066,0.7332353,0.11290698,0.793655,0.5696964,0.3418852,-0.63299483,0.7746706,802.23444,786.1172,1034.3224,789.34064,686.99634,-0.185791015625,0.00946044921875,0.99566650390625,2.190704345703125,-4.134674072265625,-1.136474609375,1,1.0,1.0,2.0,1.0,55.00
2020-03-10 14:27:18.574,-0.3311887,-0.40554866,-0.061107073,-0.061513495,0.09656712,-0.3334191,-0.028112313,0.01161867,1.0171162,-0.03774939,0.30901104,0.96766186,0.3714938,0.28161302,0.11290698,0.4287395,-0.04251661,-0.12839347,-0.63299483,0.0738579,801.8315,781.685,753.0769,801.02563,724.87177,-0.167236328125,0.01593017578125,1.00433349609375,1.92901611328125,-5.54779052734375,-1.973876953125,1,1.0,1.0,2.0,1.0,55.00
2020-03-10 14:27:20.590,0.123242036,0.07206172,-0.061107073,0.37746495,0.0074575767,-0.5594568,-0.028112313,0.33898216,0.8960126,-0.14483087,0.30901104,0.76923347,0.2003598,0.31695816,0.11290698,0.45802432,-0.02680246,-0.10021654,-0.63299483,0.16906968,811.50183,786.52014,800.2198,811.9048,737.3626,-0.17926025390625,0.01995849609375,0.99725341796875,2.340240478515625,-5.435638427734375,-0.64300537109375,1,1.0,1.0,2.0,1.0,55.00
2020-03-10 14:27:22.650,0.4041648,0.26778927,-0.061107073,0.2657989,0.40607896,0.023728812,-0.028112313,0.45173442,1.2367371,0.32421857,0.30901104,1.0580575,0.47309497,0.31236926,0.11290698,0.4479006,-0.030690672,-0.015727831,-0.63299483,0.14989445,800.2198,784.90845,835.2747,833.663,765.56775,-0.199462890625,0.02288818359375,0.9969482421875,2.250518798828125,-4.85992431640625,-1.30096435546875,1,1.0,1.0,2.0,1.0,55.00
2020-03-10 14:27:24.666,0.17370197,-0.12457378,-0.061107073,0.22730476,-0.12538561,-0.44152105,-0.028112313,0.057078656,0.71087813,-0.07820695,0.30901104,1.072027,0.31756583,0.31554374,0.11290698,0.4706495,-0.12956506,-0.1583183,-0.63299483,0.075616375,695.05493,787.326,774.83514,713.5897,761.53845,-0.2080078125,0.03326416015625,0.99298095703125,2.549591064453125,-3.147735595703125,0.665435791015625,1,1.0,1.0,2.0,1.0,55.00
2020-03-10 14:27:26.672,0.26609913,0.71030754,-0.061107073,0.30052564,0.06171088,-0.123008214,-0.028112313,0.36095908,0.7476745,0.22606024,0.30901104,0.914394,0.27152044,0.2874855,0.11290698,0.18285313,-0.0061142147,0.06093152,-0.63299483,0.05142493,803.0403,785.7143,1100.403,796.5934,654.35895,-0.23687744140625,0.0418701171875,0.99139404296875,1.0467529296875,-3.90289306640625,-1.876678466796875,1,1.0,1.0,2.0,1.0,50.00
2020-03-10 14:27:27.301,,,,,,,,,,,,,,,,,,,,,,,,,,,,,,,,,,,,,,/muse/elements/blink
2020-03-10 14:27:28.692,,,,,,,,,,,,,,,,,,,,,,,,,,,,,,,,,,,,,,/muse/elements/blink
2020-03-10 14:27:28.694,0.07005339,0.22099113,-0.061107073,0.15419441,-0.07042298,-0.38760352,-0.028112313,0.20177941,0.6207528,0.27108258,0.30901104,0.7932188,0.41474867,0.08646583,0.11290698,0.36900127,-0.05687972,0.09776967,-0.63299483,0.041368335,876.77655,774.0293,865.89746,857.03296,764.7619,-0.23065185546875,0.0245361328125,0.98980712890625,2.729034423828125,-4.628143310546875,-2.31781005859375,1,1.0,1.0,2.0,1.0,50.00
2020-03-10 14:27:30.713,0.24419965,-0.5007478,-0.061107073,0.298173,-0.21582179,0.052221056,-0.028112313,-0.02259026,0.96519345,0.38918674,0.30901104,1.0506167,0.16088778,0.2285847,0.11290698,0.4668506,-5.975906E-4,0.005633683,-0.63299483,0.1479315,805.8608,790.14655,593.5165,802.6374,775.64105,-0.1324462890625,0.04693603515625,1.0087890625,5.42816162109375,2.220611572265625,-0.291595458984375,1,1.0,1.0,2.0,1.0,50.00
2020-03-10 14:27:31.880,,,,,,,,,,,,,,,,,,,,,,,,,,,,,,,,,,,,,,/muse/elements/blink
2020-03-10 14:27:32.732,0.5673787,0.7172446,-0.061107073,0.60496795,0.43773744,0.52593744,-0.028112313,0.18087707,1.007163,0.63877195,0.30901104,1.0258136,0.56437534,0.39701837,0.11290698,0.4851717,0.025907228,0.05702251,-0.63299483,0.15722768,844.1392,775.64105,671.28204,859.85345,664.83514,-0.12591552734375,0.032470703125,1.0111083984375,-2.788848876953125,-6.220703125,-4.015045166015625,1,1.0,1.0,2.0,1.0,50.00
2020-03-10 14:27:32.795,,,,,,,,,,,,,,,,,,,,,,,,,,,,,,,,,,,,,,/muse/elements/blink
2020-03-10 14:27:34.760,0.27541292,-0.03743881,-0.061107073,0.50823754,0.294094,-0.043553893,-0.028112313,0.3356113,0.68130255,0.095244594,0.30901104,0.8492659,0.47553182,0.27873343,0.11290698,0.37362558,0.0054322616,0.09974211,-0.63299483,0.23248252,747.4359,797.8022,400.1099,738.1685,840.9158,-0.14544677734375,0.0340576171875,1.01513671875,3.94775390625,-6.7291259765625,4.523468017578125,1,1.0,1.0,2.0,1.0,50.00
2020-03-10 14:27:34.972,,,,,,,,,,,,,,,,,,,,,,,,,,,,,,,,,,,,,,/muse/elements/blink
2020-03-10 14:27:36.788,0.51511544,0.5380234,-0.061107073,0.5053695,0.29631698,0.33651727,-0.028112313,0.07438178,0.8368645,0.032816473,0.30901104,1.2718309,0.5510521,0.07759848,0.11290698,0.6259582,0.42866212,-0.2091866,-0.63299483,0.42642796,814.3223,800.6227,674.10254,819.9634,710.7692,-0.1717529296875,0.02044677734375,1.0059814453125,0.037384033203125,-4.1571044921875,-2.1533203125,1,1.0,1.0,2.0,1.0,55.00
2020-03-10 14:27:38.832,0.56204224,0.73758686,-0.061107073,0.62988085,0.16188619,0.20507921,-0.028112313,0.48766237,1.1680459,0.34393987,0.30901104,1.2266971,0.4741691,0.33549714,0.11290698,0.6050132,0.4152748,0.5684544,-0.63299483,0.49970576,803.44324,788.1319,419.0476,794.17584,695.8608,-0.175048828125,0.02349853515625,0.99517822265625,2.093505859375,-3.3795166015625,-1.757049560546875,1,1.0,1.0,2.0,1.0,55.00
2020-03-10 14:27:40.873,0.0128586255,0.38981584,-0.061107073,-0.1155148,0.26800954,0.29901934,-0.028112313,0.36326748,1.1741583,0.3759576,0.30901104,1.2936084,0.31768543,0.5982581,0.11290698,0.419251,0.39689675,0.44657928,-0.63299483,0.44029486,778.86444,793.7729,613.2601,777.25275,788.1319,-0.1475830078125,0.0245361328125,1.0072021484375,2.205657958984375,-5.09918212890625,-1.55517578125,1,1.0,1.0,2.0,1.0,55.00
2020-03-10 14:27:42.879,0.44024485,0.15907569,-0.061107073,0.5113083,0.52775633,0.110728405,-0.028112313,0.5319749,1.2914557,0.35768178,0.30901104,1.2098774,0.7045754,0.60675603,0.11290698,0.6719599,0.5213909,0.5240634,-0.63299483,0.4990642,805.05493,813.1135,387.61905,791.75824,681.3553,-0.16253662109375,0.02166748046875,1.00323486328125,2.265472412109375,-5.330963134765625,-0.291595458984375,1,1.0,1.0,2.0,1.0,55.00
2020-03-10 14:27:44.902,1.0644602,0.629623,-0.061107073,0.8721145,0.3824055,-0.11947069,-0.028112313,0.34439605,0.89279383,0.13189334,0.30901104,0.8168168,0.3712681,0.5481241,0.11290698,0.5187095,0.47476035,0.59942573,-0.63299483,0.36210826,800.6227,781.28204,664.0293,802.23444,745.82416,-0.202880859375,0.01690673828125,0.990966796875,2.73651123046875,-4.71038818359375,-0.88226318359375,1,1.0,1.0,2.0,1.0,55.00
2020-03-10 14:27:46.936,0.020717818,0.031568993,-0.061107073,-0.169228,0.16121835,-0.30526796,-0.028112313,0.31361532,0.93362033,-0.06974356,0.30901104,1.0124373,0.17550386,0.22178335,0.11290698,0.4674376,-0.17923684,-0.057898548,-0.63299483,0.24199633,747.4359,760.7326,888.86444,747.8388,705.5311,-0.2139892578125,0.0406494140625,0.98822021484375,2.833709716796875,-4.822540283203125,-0.64300537109375,1,1.0,1.0,2.0,1.0,55.00
2020-03-10 14:27:48.981,0.88720673,0.5915524,-0.061107073,-0.3755261,0.16782272,0.148256,-0.028112313,0.16350509,1.1494361,0.5383009,0.30901104,0.9814301,0.6499303,0.5760661,0.11290698,0.4284306,0.5176189,0.18666795,-0.63299483,0.1924278,778.0586,779.67035,728.49817,778.0586,715.2015,-0.211669921875,0.04193115234375,0.9833984375,2.415008544921875,-5.570220947265625,-0.55328369140625,1,1.0,1.0,2.0,1.0,55.00
2020-03-10 14:27:51.035,0.20332687,0.6749337,-0.061107073,0.389857,0.17547418,0.34153655,-0.028112313,0.36005855,1.1562979,0.39842075,0.30901104,1.259915,0.4706332,0.48369277,0.11290698,0.4479926,0.6070947,0.58119005,-0.63299483,0.44258532,847.3626,780.87915,752.674,847.3626,779.2674,-0.21832275390625,0.0179443359375,0.98138427734375,-0.91217041015625,-3.775787353515625,-5.921630859375,1,1.0,1.0,2.0,1.0,55.00
2020-03-10 14:27:53.057,0.35720918,0.18028891,-0.061107073,0.20108615,0.23393579,-0.16650467,-0.028112313,0.14755541,0.9530756,-0.14528832,0.30901104,0.7920945,0.34195602,0.025961317,0.11290698,0.46782592,-0.15687306,0.0048037022,-0.63299483,0.2324209,762.74725,793.7729,1038.3517,761.13556,763.5531,-0.17401123046875,-0.00115966796875,0.997802734375,3.626251220703125,-6.4300537109375,0.635528564453125,1,1.0,1.0,2.0,1.0,55.00
2020-03-10 14:27:55.074,-0.25758496,0.21314213,-0.061107073,-0.11874123,0.29622933,-0.25791633,-0.028112313,0.31834,0.8028226,0.2885912,0.30901104,0.583918,0.32771325,0.19211668,0.11290698,0.472328,-0.21101026,-0.13023345,-0.63299483,-0.13848805,808.68134,778.46155,825.2015,807.47253,775.2381,-0.16815185546875,0.00628662109375,0.99688720703125,2.5421142578125,-5.38330078125,-1.31591796875,1,1.0,1.0,2.0,1.0,55.00
2020-03-10 14:27:57.108,-0.11813977,-0.49485385,-0.061107073,-0.08967839,-0.078306,-0.40637395,-0.028112313,0.25138348,0.7841555,-0.1891838,0.30901104,0.98151207,-0.01363512,0.09672871,0.11290698,0.3319812,-0.23845176,0.0022596263,-0.63299483,0.010830798,801.8315,799.41394,985.56775,806.26373,731.31866,-0.192626953125,0.01007080078125,1.0001220703125,2.100982666015625,-5.121612548828125,-1.308441162109375,1,1.0,1.0,2.0,1.0,55.00
2020-03-10 14:27:59.130,0.08237835,-0.6010643,-0.061107073,0.19265205,0.3497293,-0.14488992,-0.028112313,0.42881617,1.1672773,0.34413636,0.30901104,1.1664983,0.24733576,0.1170558,0.11290698,0.2136506,-0.15936865,-0.06787729,-0.63299483,0.102830455,799.011,789.7436,801.4286,788.93774,698.68134,-0.223388671875,0.03009033203125,0.9873046875,2.056121826171875,-5.659942626953125,-0.299072265625,1,1.0,1.0,2.0,1.0,55.00
2020-03-10 14:28:01.147,0.257813,0.23793909,-0.061107073,0.28773636,0.090000995,-0.0035145632,-0.028112313,0.33154243,1.063301,0.4281882,0.30901104,1.1981602,0.27404773,0.28354025,0.11290698,0.40467784,-0.22131173,0.026426157,-0.63299483,0.02433148,815.12823,800.2198,569.34064,802.6374,990.40295,-0.2166748046875,0.01953125,0.99346923828125,1.921539306640625,-4.246826171875,-0.88226318359375,1,1.0,1.0,2.0,1.0,55.00
2020-03-10 14:28:03.176,-0.6111061,-0.022612749,-0.061107073,-0.6960635,-0.23019864,-0.6305588,-0.028112313,0.011951599,0.36712584,-0.22998174,0.30901104,0.66114575,0.06971264,0.24227583,0.11290698,0.2889224,-0.30265594,-0.26479957,-0.63299483,-0.020195166,823.1868,801.4286,1110.4762,818.7546,657.98535,-0.2161865234375,0.0225830078125,0.9898681640625,2.87109375,-4.942169189453125,-0.52337646484375,1,1.0,1.0,2.0,1.0,55.00
2020-03-10 14:28:05.191,-0.6111061,-0.28921282,-0.061107073,-0.6960635,-0.23019864,0.4164248,-0.028112313,0.011951599,0.36712584,0.5433399,0.30901104,0.66114575,0.06971264,0.5764719,0.11290698,0.2889224,-0.30265594,0.340954,-0.63299483,-0.020195166,794.17584,781.28204,533.8828,782.8938,808.68134,-0.20062255859375,0.04803466796875,0.9923095703125,1.039276123046875,-7.095489501953125,-0.142059326171875,1,2.0,1.0,2.0,2.0,55.00
2020-03-10 14:28:07.222,0.6148892,0.85336876,-0.061107073,0.8522308,0.037405193,0.07876458,-0.028112313,0.5402824,1.2912765,0.2511131,0.30901104,1.2135814,0.43928617,0.502155,0.11290698,0.5866619,0.5313817,0.48722997,-0.63299483,0.65120995,815.12823,801.8315,895.7143,802.23444,666.04395,-0.17889404296875,0.0440673828125,1.00311279296875,2.220611572265625,-4.015045166015625,-1.1962890625,1,1.0,1.0,2.0,1.0,55.00
2020-03-10 14:28:09.260,0.29116386,-0.5255442,-0.061107073,0.19015546,0.13446048,-0.23759778,-0.028112313,-0.005148069,1.0984226,0.26945618,0.30901104,0.793828,0.28375557,0.20014216,0.11290698,0.1863908,-0.07076913,-0.028936986,-0.63299483,-0.07309497,810.293,786.52014,1012.96704,811.0989,828.022,-0.203125,0.05096435546875,0.9957275390625,1.614990234375,-5.1141357421875,-1.614990234375,1,1.0,1.0,2.0,1.0,55.00
2020-03-10 14:28:11.278,0.19128811,-0.24046585,-0.061107073,0.22617237,-0.1725327,-0.20727691,-0.028112313,0.15190788,0.83674884,0.2011742,0.30901104,0.8834474,0.27261353,0.24194679,0.11290698,0.23320277,-0.10401636,0.07788124,-0.63299483,0.10353183,792.5641,785.7143,838.49817,791.3553,762.74725,-0.209228515625,0.0511474609375,0.994384765625,1.413116455078125,-3.521575927734375,-2.220611572265625,1,1.0,1.0,2.0,1.0,55.00
2020-03-10 14:28:12.523,,,,,,,,,,,,,,,,,,,,,,,,,,,,,,,,,,,,,,/muse/elements/blink
2020-03-10 14:28:13.303,0.3927015,0.546832,-0.061107073,0.507827,0.4773486,0.3897626,-0.028112313,0.060983364,0.9782067,0.19867705,0.30901104,0.8405146,0.4713127,0.13428958,0.11290698,0.38962415,-0.043760885,-0.36978325,-0.63299483,0.014269613,805.8608,798.20514,1134.652,804.65204,753.0769,-0.22308349609375,0.03704833984375,0.98077392578125,3.177642822265625,-5.90667724609375,-1.09161376953125,1,1.0,1.0,2.0,1.0,55.00
2020-03-10 14:28:15.323,0.14917102,0.09378108,-0.061107073,0.53296036,-0.019882854,-0.058259897,-0.028112313,-0.013138808,1.0368828,0.45573616,0.30901104,1.1518637,0.26462018,0.5691636,0.11290698,0.46830073,0.44460845,0.47257102,-0.63299483,0.59621215,804.2491,787.326,1054.0659,809.89014,761.9414,-0.18719482421875,0.029296875,0.99383544921875,2.325286865234375,-5.21881103515625,-0.897216796875,1,1.0,1.0,2.0,1.0,55.00
2020-03-10 14:28:17.344,0.48479056,0.26327568,-0.061107073,0.8889372,0.24051781,-0.10894698,-0.028112313,0.4667955,1.202519,0.32931182,0.30901104,1.0609373,0.4771195,0.40503302,0.11290698,0.5556153,0.5380724,0.48444438,-0.63299483,0.71782404,800.2198,794.57874,1121.7583,786.9231,632.6007,-0.177490234375,0.02838134765625,0.9935302734375,2.5421142578125,-5.45806884765625,-0.216827392578125,1,1.0,1.0,2.0,1.0,55.00
2020-03-10 14:28:19.392,0.38603815,0.5531751,-0.061107073,0.6872918,0.34584808,0.47693682,-0.028112313,0.42621878,1.1403188,0.6029731,0.30901104,1.0533055,0.5215744,0.68778867,0.11290698,0.51167333,0.52086526,0.6259093,-0.63299483,0.5566731,828.8278,820.7692,1625.4213,862.674,601.978,-0.17236328125,0.0628662109375,1.00384521484375,4.91973876953125,-4.32159423828125,-7.476806640625,1,1.0,1.0,1.0,1.0,55.00
2020-03-10 14:28:21.408,0.7569791,0.75095296,-2.2541225,0.17788948,0.27936316,0.18612124,-2.869757,0.5571695,1.094218,0.39941436,-2.6728976,0.9035259,0.7990184,0.5731988,-2.359883,0.5030413,0.47473475,0.41377324,-2.5906136,0.6571916,790.54944,774.0293,1002.8938,777.6557,909.81683,-0.1893310546875,0.056396484375,0.998291015625,3.1103515625,-4.598236083984375,-0.85235595703125,1,1.0,1.0,1.0,1.0,55.00
2020-03-10 14:28:23.412,0.6423807,0.7623753,-2.0811794,0.8968425,0.14657828,0.44657636,-2.705697,0.13519308,0.703076,0.31407544,-2.6728976,0.79942125,0.58716714,0.5908233,-2.1913376,0.7111671,0.5097935,0.57473844,-2.4267232,0.6832302,838.49817,798.60803,755.4945,843.3333,818.3516,-0.14251708984375,0.033203125,0.99774169921875,2.87109375,-3.491668701171875,-0.530853271484375,1,1.0,1.0,1.0,1.0,55.00
2020-03-10 14:28:25.434,0.6099671,-0.17542697,-2.0811794,0.3658594,0.11257727,-0.54020697,-2.705697,0.28148675,0.6083561,0.0019707424,-2.6728976,0.4318917,0.308292,0.16015957,-2.1913376,0.3657404,0.030541604,0.04956328,-2.4267232,0.21561694,801.02563,791.75824,296.15384,781.28204,756.30035,-0.158203125,0.02935791015625,1.0042724609375,0.919647216796875,-3.312225341796875,-1.1065673828125,1,1.0,1.0,1.0,1.0,55.00
2020-03-10 14:28:26.529,,,,,,,,,,,,,,,,,,,,,,,,,,,,,,,,,,,,,,/muse/elements/blink
2020-03-10 14:28:27.457,-0.3359211,0.022085665,-2.0811794,-0.124181576,-0.14202039,-0.3121069,-2.705697,-0.04609587,0.44281343,-0.23835063,-2.6728976,-0.044442546,0.13590859,0.26759103,-2.1913376,0.35536557,0.0134993205,-0.22231826,-2.4267232,0.27937153,765.9707,774.83514,704.7253,772.01465,790.9524,-0.15399169921875,0.03521728515625,0.99652099609375,3.222503662109375,-4.015045166015625,-0.4486083984375,1,1.0,1.0,2.0,1.0,55.00
2020-03-10 14:28:29.468,0.5303683,0.3149738,-2.0811794,0.57849836,0.48090085,0.41373736,-2.705697,0.5064229,1.1848493,0.9480712,-2.6728976,1.3380848,0.6791949,0.59750897,-2.1913376,0.7076974,0.69327134,0.7643938,-2.4267232,0.7409389,810.293,792.5641,782.8938,819.15753,718.022,-0.16180419921875,0.036865234375,1.0020751953125,2.13836669921875,-4.059906005859375,-0.8074951171875,1,1.0,1.0,2.0,1.0,50.00
2020-03-10 14:28:31.509,0.19951035,0.40494767,-2.0811794,0.41152614,0.044719968,-0.078359686,-2.705697,0.24034785,1.2883501,0.3204108,-2.6728976,1.0542033,0.6050885,0.744137,-2.1913376,0.7464757,0.56444305,0.5152971,-2.4267232,0.45137736,817.5458,798.60803,715.6044,815.12823,865.4945,-0.1600341796875,0.02972412109375,0.99359130859375,1.742095947265625,-4.29168701171875,-1.4654541015625,1,1.0,1.0,2.0,1.0,50.00
2020-03-10 14:28:33.526,0.25482643,0.63341844,-2.0811794,0.46292517,0.2268338,0.42170972,-2.705697,0.4421214,1.3539624,0.46790755,-2.6728976,1.2274612,0.5740094,0.61973834,-2.1913376,0.6963479,0.46529862,0.73769075,-2.4267232,0.7323559,813.5165,786.9231,938.8278,826.0073,691.4286,-0.1436767578125,0.031494140625,1.00958251953125,1.906585693359375,-6.9384765625,-0.814971923828125,1,1.0,1.0,2.0,1.0,50.00
2020-03-10 14:28:35.548,0.8565907,0.78862494,-2.0811794,1.0778345,0.19756,0.33922127,-2.705697,0.16104081,1.2218977,0.5456777,-2.6728976,1.3006929,0.5505865,0.4381479,-2.1913376,0.6730129,0.37279192,0.2919845,-2.4267232,0.44088688,788.5348,790.14655,809.89014,786.1172,612.8571,-0.16497802734375,0.04736328125,0.99517822265625,1.547698974609375,-5.0244140625,-1.786956787109375,1,1.0,1.0,2.0,1.0,50.00
2020-03-10 14:28:37.568,0.08339783,-0.37507555,-2.0811794,0.16901498,-0.1867248,-0.38358885,-2.705697,0.22888309,0.7140968,0.09627136,-2.6728976,0.8136,0.28077063,0.26158684,-2.1913376,0.32100812,-0.09221587,-0.038354214,-2.4267232,0.051319953,799.81683,784.10254,536.30035,809.4872,774.83514,-0.15966796875,0.0391845703125,1.00518798828125,3.15521240234375,-3.96270751953125,0.04486083984375,1,1.0,1.0,2.0,1.0,50.00
2020-03-10 14:28:39.587,-0.31423762,-0.34524986,-2.0811794,0.24259205,0.033097744,-0.45047823,-2.705697,0.37940767,0.25890866,0.23902674,-2.6728976,0.63872325,0.10607381,0.037145745,-2.1913376,0.33006456,-0.2878634,0.010930144,-2.4267232,-0.061241668,799.81683,796.99634,71.31868,800.2198,663.22345,-0.17242431640625,0.03387451171875,1.0006103515625,1.697235107421875,-5.38330078125,-0.545806884765625,1,1.0,1.0,1.0,1.0,55.00
2020-03-10 14:28:41.641,0.316598,0.42617267,-2.0811794,0.3113276,0.15066706,0.026835404,-2.705697,0.21589819,0.8311144,0.3726629,-2.6728976,0.80527085,0.13931365,0.20462953,-2.1913376,0.308729,-0.3018381,-0.110946015,-2.4267232,9.889913E-4,803.0403,791.3553,156.33699,798.20514,721.2454,-0.1705322265625,0.02337646484375,1.00567626953125,2.82623291015625,-5.689849853515625,-0.650482177734375,1,1.0,1.0,1.0,1.0,55.00
2020-03-10 14:28:42.322,,,,,,,,,,,,,,,,,,,,,,,,,,,,,,,,,,,,,,/muse/elements/blink
2020-03-10 14:28:43.661,-0.39723036,0.7981436,-2.0811794,0.07982541,-0.03899317,0.46645772,-2.705697,-0.052496295,0.593594,0.1723666,-2.6728976,0.40165532,0.10106588,0.23524407,-2.1913376,0.18424852,-0.21358782,0.07039796,-2.4267232,-0.18950945,800.6227,805.05493,459.7436,796.99634,711.1722,-0.17864990234375,0.0350341796875,0.99481201171875,3.18511962890625,-4.08233642578125,-0.538330078125,1,1.0,1.0,1.0,1.0,55.00
2020-03-10 14:28:45.686,0.46449134,0.7262704,-2.0811794,0.30235925,0.4469289,0.4572656,-2.705697,0.15870117,1.0153887,0.524393,-2.6728976,1.197317,0.6466329,0.585862,-2.1913376,0.56083477,0.19667555,0.65611655,-2.4267232,0.27564785,809.4872,792.1612,356.5934,811.9048,748.6447,-0.17486572265625,0.02154541015625,0.99688720703125,2.19818115234375,-4.149627685546875,-0.246734619140625,1,1.0,1.0,1.0,1.0,55.00
2020-03-10 14:28:47.703,0.08026397,0.2699514,-2.0811794,0.29147992,0.1601793,0.28511098,-2.705697,0.4972133,1.3768165,0.48262632,-2.6728976,1.3444123,0.76262605,0.6696941,-2.1913376,0.75603616,0.2571078,0.39140415,-2.4267232,0.30582947,800.2198,784.5055,307.03296,796.99634,749.45056,-0.16937255859375,0.02947998046875,1.00299072265625,2.130889892578125,-5.091705322265625,-0.336456298828125,1,1.0,1.0,2.0,1.0,55.00
2020-03-10 14:28:49.733,0.44440046,0.41029337,-2.0811794,0.5342251,0.29799482,-0.17829731,-2.705697,0.41886756,1.0696442,0.12324896,-2.6728976,1.2148732,0.5337759,0.60958296,-2.1913376,0.67938673,0.44047904,0.5613441,-2.4267232,0.47448486,771.2088,780.07324,385.20148,757.1062,716.8132,-0.17816162109375,0.025146484375,1.00225830078125,2.76641845703125,-4.299163818359375,-0.83740234375,1,1.0,1.0,2.0,1.0,45.00
2020-03-10 14:28:51.752,0.46995828,0.735558,-2.0811794,0.6759803,0.35113367,0.28416166,-2.705697,0.23844528,1.015316,0.44405958,-2.6728976,0.9544777,0.5249773,0.4904828,-2.1913376,0.6297803,0.5717582,0.5064409,-2.4267232,0.5457519,799.81683,784.5055,563.2967,800.6227,743.8095,-0.179443359375,0.02423095703125,1.00225830078125,2.03369140625,-4.134674072265625,-0.560760498046875,1,1.0,1.0,2.0,1.0,45.00
2020-03-10 14:28:53.788,-0.004032297,0.15470755,-2.0811794,0.22826102,0.17727616,0.14517306,-2.705697,0.12139637,1.1732339,0.18928552,-2.6728976,1.2232295,0.62317455,0.60789627,-2.1913376,0.6798953,0.6147223,0.64944637,-2.4267232,0.66914296,832.4542,797.3993,82.60073,823.1868,1064.1392,-0.18280029296875,0.0263671875,1.0025634765625,0.9271240234375,-4.306640625,-1.12152099609375,1,1.0,1.0,2.0,1.0,45.00
2020-03-10 14:28:55.801,0.63570595,0.18885358,-2.0811794,0.71080136,0.20281091,0.13581318,-2.705697,0.37438968,0.9740478,0.16936198,-2.6728976,1.174037,0.5335594,0.545932,-2.1913376,0.55883574,0.25700772,0.6086236,-2.4267232,0.41270748,818.3516,797.8022,994.83514,823.9927,689.41394,-0.17626953125,0.01849365234375,0.99700927734375,1.861724853515625,-4.867401123046875,-1.323394775390625,1,1.0,1.0,2.0,1.0,45.00
2020-03-10 14:28:57.815,0.47217953,0.44678256,-2.0811794,0.7373578,0.31189147,0.16707554,-2.705697,0.5355935,0.8045542,0.49307504,-2.6728976,0.97308266,0.35927203,0.07844335,-2.1913376,0.45988947,-0.055217512,-0.21658385,-2.4267232,0.31548503,696.6667,796.1905,703.5165,700.696,817.5458,-0.19305419921875,0.02093505859375,1.00048828125,3.192596435546875,-5.719757080078125,-0.3887939453125,1,1.0,1.0,2.0,1.0,45.00
2020-03-10 14:28:59.872,-0.1400506,0.22594705,-2.0811794,0.32694143,0.38830638,0.012656164,-2.705697,0.010755856,1.1581271,0.32409266,-2.6728976,1.2735281,0.585123,0.4695026,-2.1913376,0.67220706,0.30617544,0.20380034,-2.4267232,0.39361683,790.14655,804.65204,700.696,784.90845,756.7033,-0.17974853515625,0.0244140625,0.991943359375,1.816864013671875,-4.2767333984375,-1.188812255859375,1,1.0,1.0,2.0,1.0,55.00
2020-03-10 14:29:01.880,0.1508708,0.36580944,-2.0811794,0.36056986,0.22967727,0.122409835,-2.705697,0.41242608,1.2500426,0.35302627,-2.6728976,1.2694389,0.61715305,0.5166394,-2.1913376,0.56761944,0.47604418,0.48928675,-2.4267232,0.35964808,794.57874,780.87915,427.10623,801.4286,873.1502,-0.17510986328125,0.02105712890625,1.00030517578125,2.9608154296875,-4.80010986328125,-0.889739990234375,1,1.0,1.0,2.0,1.0,55.00
2020-03-10 14:29:03.882,-0.1932085,0.46299738,-2.0811794,-0.13751969,-0.16357583,-0.11410257,-2.705697,0.056427483,1.4009677,0.38470307,-2.6728976,1.3722445,0.50018173,0.44421586,-2.1913376,0.6110302,0.46342608,0.56802905,-2.4267232,0.5020889,786.52014,765.16486,440.0,813.5165,939.2308,-0.18212890625,0.0206298828125,0.99822998046875,3.1402587890625,-5.839385986328125,-0.082244873046875,1,1.0,1.0,2.0,1.0,55.00
2020-03-10 14:29:05.900,0.5044213,0.6269864,-2.0811794,0.83786565,0.62800395,-0.049578525,-2.705697,0.38168097,0.8583624,-0.30898136,-2.6728976,0.59174216,0.44692096,0.57880574,-2.1913376,0.81572384,0.6095646,0.5113128,-2.4267232,0.51914954,810.696,791.75824,1089.9268,814.3223,679.7436,-0.18414306640625,0.02508544921875,0.99774169921875,2.49725341796875,-4.284210205078125,-0.800018310546875,1,1.0,1.0,2.0,1.0,55.00
2020-03-10 14:29:07.910,-0.28734174,0.3434045,-2.0811794,0.37152934,-0.18600287,-0.014966445,-2.705697,-0.11944484,0.24872096,-0.07833347,-2.6728976,0.38304812,0.2049302,0.16872813,-2.1913376,0.53449047,0.05358875,-0.100113355,-2.4267232,0.35946155,802.6374,796.5934,1307.5092,807.47253,683.36993,-0.1763916015625,0.018310546875,1.00347900390625,2.03369140625,-6.437530517578125,-1.4654541015625,1,1.0,1.0,4.0,1.0,55.00
2020-03-10 14:29:09.941,-0.30709696,-0.27689514,-2.0811794,-0.112895206,-0.09877021,-0.4301915,-2.705697,0.09025359,0.6745343,-0.08023651,-2.6728976,0.55088055,0.16012622,0.24301387,-2.1913376,0.33769873,0.037073117,0.013283437,-2.4267232,-0.148962,826.8132,788.1319,237.326,823.9927,1102.8206,-0.1739501953125,0.01922607421875,1.00115966796875,2.16827392578125,-4.77020263671875,-0.13458251953125,1,1.0,1.0,4.0,1.0,55.00
2020-03-10 14:29:11.040,,,,,,,,,,,,,,,,,,,,,,,,,,,,,,,,,,,,,,/muse/elements/blink
2020-03-10 14:29:11.996,-0.46473166,0.031291086,-2.0811794,-0.29733652,-0.07922283,-0.12818909,-2.705697,-0.15100722,0.7121572,0.12886594,-2.6728976,0.5823425,0.23040754,0.2676066,-2.1913376,0.6079963,0.050291605,-0.09895522,-2.4267232,0.068978086,815.5311,780.87915,716.0073,813.1135,696.26373,-0.16851806640625,0.01507568359375,0.99609375,1.861724853515625,-3.940277099609375,-1.263580322265625,1,1.0,1.0,2.0,1.0,55.00
2020-03-10 14:29:14.002,0.43152103,0.65716445,-2.0811794,0.55269545,0.2986445,0.25231695,-2.705697,0.33409235,1.2575053,0.49895146,-2.6728976,1.5561703,0.5696552,0.5075252,-2.1913376,0.6938584,0.3938236,0.54293954,-2.4267232,0.51191425,780.4762,783.2967,576.1905,785.7143,747.03296,-0.158447265625,0.0203857421875,1.0025634765625,1.36077880859375,-4.3365478515625,-1.973876953125,1,1.0,1.0,2.0,1.0,55.00
2020-03-10 14:29:16.059,0.35835427,0.841932,-2.0811794,0.34522638,0.38221788,0.22731052,-2.705697,0.30244362,1.4492649,0.52495855,-2.6728976,1.4380026,0.7237252,0.48944747,-2.1913376,0.6682943,0.41021842,0.61570776,-2.4267232,0.47289768,809.4872,813.1135,546.77655,795.38464,737.3626,-0.17645263671875,0.017333984375,0.996826171875,2.811279296875,-5.854339599609375,-0.70281982421875,1,1.0,1.0,2.0,1.0,55.00
2020-03-10 14:29:18.091,0.32430142,0.7872113,-2.0811794,0.35269737,0.30393603,0.08031361,-2.705697,0.39930138,1.0403534,0.36841682,-2.6728976,1.2460581,0.7609431,0.67289245,-2.1913376,0.74169326,0.5169566,0.5433883,-2.4267232,0.6576805,801.02563,801.02563,432.34433,802.6374,793.36993,-0.16448974609375,0.0220947265625,0.99981689453125,2.25799560546875,-5.682373046875,-0.3887939453125,1,1.0,1.0,2.0,1.0,55.00
2020-03-10 14:29:20.123,0.41701275,0.7717458,-2.0811794,0.47553173,0.353412,0.0719132,-2.705697,0.3241771,1.1218818,0.41105038,-2.6728976,1.2626833,0.68233126,0.59230345,-2.1913376,0.8023418,0.30288732,0.72835076,-2.4267232,0.36258307,828.4249,775.2381,584.2491,822.7839,663.22345,-0.1734619140625,0.00909423828125,1.0035400390625,1.039276123046875,-4.792633056640625,-3.282318115234375,1,1.0,1.0,2.0,1.0,55.00
2020-03-10 14:29:22.163,0.29807693,0.39866593,-5.362859,0.5790678,0.07528444,-0.07605768,-4.8747725,0.4881076,0.26641566,0.085055605,-4.602002,0.18520756,0.2768196,0.17511666,-4.374693,0.47175404,0.20240118,-0.025547579,-4.49835,0.7116092,799.011,805.05493,1625.4213,785.7143,675.7143,-0.151611328125,4.8828125E-4,1.00286865234375,2.160797119140625,-3.22998046875,-1.891632080078125,1,1.0,1.0,1.0,1.0,55.00
2020-03-10 14:29:24.181,0.7434933,0.17326315,-1.569445,0.7118971,0.19583884,-0.09787859,-2.572479,0.3951974,1.0162623,0.58291453,-1.8595061,0.965911,0.20940034,0.1426342,-1.7639924,0.6722995,-0.10340052,-0.28110972,-2.077597,0.7977209,821.1722,788.93774,1356.6666,831.6484,777.25275,-0.22259521484375,0.03277587890625,0.9912109375,1.77947998046875,-3.45428466796875,-1.368255615234375,1,1.0,1.0,2.0,1.0,55.00
2020-03-10 14:29:26.217,1.1012996,0.2410946,-1.569445,1.1584891,0.91952366,-0.2023552,-2.572479,0.38323504,1.2703729,0.17117439,-1.8595061,0.8849367,0.24982515,0.1882225,-1.7639924,0.80797523,0.14317217,-0.09700296,-2.077597,0.6062064,810.696,793.36993,1127.3993,804.2491,812.3077,-0.25225830078125,0.03369140625,0.9874267578125,2.6617431640625,-0.9271240234375,0.127105712890625,1,1.0,1.0,2.0,1.0,55.00
2020-03-10 14:29:28.229,-0.26059818,-0.12154274,-1.569445,0.34170967,0.03699176,-0.29593405,-2.572479,0.15700263,1.0047514,0.1587419,-1.8595061,0.91073817,0.50251406,0.06534208,-1.7639924,0.5651583,0.08007997,-0.022084737,-2.077597,0.63287145,802.6374,785.7143,730.10986,804.65204,918.2784,-0.27740478515625,0.05096435546875,0.97998046875,2.55706787109375,-3.372039794921875,-0.605621337890625,1,1.0,1.0,2.0,1.0,55.00
2020-03-10 14:29:30.252,0.09187892,0.089739054,-1.569445,0.13915968,0.31296563,0.08145867,-2.572479,0.2642754,0.94006217,0.38677505,-1.8595061,1.0794013,0.47660255,0.1786158,-1.7639924,0.6680426,-0.06455426,-0.037521575,-2.077597,0.32498154,795.38464,790.54944,203.07692,794.17584,672.8938,-0.25067138671875,0.04730224609375,0.97857666015625,2.99072265625,-6.2506103515625,-0.725250244140625,1,1.0,1.0,2.0,1.0,55.00
2020-03-10 14:29:32.268,0.9713663,0.7492417,-1.569445,0.9677179,0.6399541,0.093879335,-2.572479,0.51536226,0.72086823,-0.042795993,-1.8595061,1.0652432,0.4604134,0.149832,-1.7639924,0.62037146,0.2686633,0.054393347,-2.077597,0.2899649,809.4872,801.02563,673.2967,800.6227,713.1868,-0.2705078125,0.03204345703125,0.9876708984375,1.143951416015625,-4.3365478515625,-2.07855224609375,1,1.0,1.0,2.0,1.0,55.00
2020-03-10 14:29:34.291,0.7473379,0.5986218,-1.569445,0.6558651,0.21046057,-0.11037476,-2.572479,0.34586948,0.9749282,0.19643266,-1.8595061,0.89741325,0.50696796,0.25900882,-1.7639924,0.62545514,0.15898097,-0.18185341,-2.077597,0.060138933,803.0403,790.14655,605.6044,798.20514,973.8828,-0.2747802734375,0.01971435546875,0.97576904296875,2.833709716796875,-5.689849853515625,0.515899658203125,1,1.0,1.0,2.0,1.0,55.00
2020-03-10 14:29:35.460,,,,,,,,,,,,,,,,,,,,,,,,,,,,,,,,,,,,,,/muse/elements/blink
2020-03-10 14:29:36.339,0.10052021,0.36986905,-1.569445,-0.16778426,0.031832743,-0.23415436,-2.572479,0.027424287,0.3918382,-0.11868695,-1.8595061,0.43553233,0.38734037,0.04366278,-1.7639924,0.3260341,0.056135725,-0.043762814,-2.077597,-0.064434186,798.60803,791.3553,615.6777,801.8315,777.6557,-0.26513671875,0.0240478515625,0.98797607421875,2.429962158203125,-8.50860595703125,1.128997802734375,1,1.0,1.0,2.0,1.0,55.00
2020-03-10 14:29:38.372,0.7255106,0.65866137,-1.569445,0.4766162,0.58174235,0.44787112,-2.572479,0.5934596,1.105552,0.23868632,-1.8595061,1.2071333,0.3752706,0.5394215,-1.7639924,0.6517545,0.29066405,0.45033255,-2.077597,0.37319037,814.7253,788.5348,856.2271,817.9487,808.68134,-0.22119140625,0.03082275390625,0.98663330078125,1.8841552734375,-4.97955322265625,-1.203765869140625,1,1.0,1.0,2.0,1.0,55.00
2020-03-10 14:29:40.409,0.2526069,0.29834005,-1.569445,0.10760522,-0.13167858,0.03796883,-2.572479,-0.14925013,0.5623017,0.15885009,-1.8595061,0.5319613,0.24874382,0.067938544,-1.7639924,0.38557,-0.15402228,-0.11928293,-2.077597,-0.0034363042,810.696,789.7436,928.7546,815.9341,767.1795,-0.2420654296875,0.02325439453125,0.9847412109375,2.400054931640625,-7.5665283203125,-0.28411865234375,1,1.0,1.0,2.0,1.0,55.00
2020-03-10 14:29:42.428,-0.16872106,0.81589794,-1.569445,0.98063505,-0.28186393,0.11936305,-2.572479,0.3566704,0.14345333,0.3460167,-1.8595061,0.7468738,0.31079742,0.1815695,-1.7639924,0.55351746,-0.15017514,-0.045791425,-2.077597,0.10663164,761.9414,793.7729,1106.4469,760.7326,693.44324,-0.214111328125,0.01104736328125,0.9962158203125,2.878570556640625,-2.5421142578125,-1.48040771484375,1,1.0,1.0,2.0,1.0,45.00
2020-03-10 14:29:43.350,,,,,,,,,,,,,,,,,,,,,,,,,,,,,,,,,,,,,,/muse/elements/blink
2020-03-10 14:29:44.473,1.0029656,0.5228315,-1.569445,1.1362213,0.5341355,-0.21875751,-2.572479,0.6749494,0.96260434,-0.2570554,-1.8595061,0.9293702,0.6588768,0.113384165,-1.7639924,0.88967,0.2407519,-0.09691349,-2.077597,0.40759185,781.28204,779.2674,688.60803,791.75824,718.8278,-0.2144775390625,0.04046630859375,0.99212646484375,3.357086181640625,-2.803802490234375,-0.1495361328125,1,1.0,1.0,2.0,1.0,45.00
2020-03-10 14:29:46.495,0.2904237,0.5387132,-1.569445,0.5022181,0.14196077,0.3971837,-2.572479,0.46040335,1.2985581,0.36263418,-1.8595061,1.1585062,0.45705152,0.52913845,-1.7639924,0.68262964,0.59101045,0.64968604,-2.077597,0.60470545,814.7253,801.02563,772.4176,814.7253,758.71796,-0.228515625,0.0322265625,0.9830322265625,1.31591796875,-3.60382080078125,-0.426177978515625,1,1.0,1.0,2.0,1.0,45.00
2020-03-10 14:29:48.540,0.21016148,0.636935,-1.569445,-0.103934295,0.28755903,0.316356,-2.572479,0.40541303,1.1221278,0.44291773,-1.8595061,1.145115,0.53179526,0.44355172,-1.7639924,0.57898223,0.46746844,0.6152839,-2.077597,0.49274546,811.0989,799.41394,1195.0916,806.26373,738.5714,-0.195556640625,0.01519775390625,0.994873046875,1.203765869140625,-3.1103515625,-1.7047119140625,1,1.0,1.0,2.0,1.0,45.00
2020-03-10 14:29:50.569,-0.12406849,0.28680074,-1.569445,0.32270333,0.26799375,0.368351,-2.572479,0.36746225,0.68373084,0.49770182,-1.8595061,1.2739353,0.5260478,0.64357144,-1.7639924,0.5380717,0.5782474,0.6508851,-2.077597,0.62356013,787.72894,794.9817,826.4103,767.5824,679.34064,-0.17144775390625,-0.00946044921875,0.9970703125,1.667327880859375,-7.334747314453125,-0.2093505859375,1,1.0,1.0,2.0,1.0,45.00
2020-03-10 14:29:52.628,-0.40534458,0.4608213,-1.569445,0.2862926,0.3097952,0.12872913,-2.572479,0.41624054,1.2372284,0.5537951,-1.8595061,1.1486566,0.5828579,0.5714676,-1.7639924,0.59451103,0.46289328,0.47500768,-2.077597,0.5736275,803.0403,810.696,991.2088,803.0403,722.0513,-0.1812744140625,0.00299072265625,1.001953125,2.332763671875,-5.72723388671875,-1.353302001953125,1,1.0,1.0,2.0,1.0,55.00
2020-03-10 14:29:54.650,0.47007212,0.8758747,-1.569445,0.6869863,0.030886708,0.28339136,-2.572479,0.38888207,1.169953,0.37529197,-1.8595061,1.4207746,0.67477745,0.7656229,-1.7639924,0.78071034,0.4547448,0.631863,-2.077597,0.43283752,821.1722,788.93774,730.5128,820.7692,1116.9231,-0.1990966796875,0.00311279296875,0.99853515625,1.248626708984375,-7.245025634765625,-1.3458251953125,1,1.0,1.0,2.0,1.0,55.00
2020-03-10 14:29:56.657,0.1441846,-0.21838163,-1.569445,0.22753017,-0.10924352,-0.30347547,-2.572479,0.42522016,0.5265068,0.03489263,-1.8595061,1.1189551,0.39444408,0.11238474,-1.7639924,0.3524192,-0.040909085,-0.17079017,-2.077597,-0.10760514,798.60803,797.8022,1039.9634,797.3993,706.337,-0.19110107421875,0.00262451171875,1.0001220703125,2.43743896484375,-6.17584228515625,-0.052337646484375,1,1.0,1.0,2.0,1.0,55.00
2020-03-10 14:29:58.670,0.61016685,0.68866205,-1.569445,0.41378093,0.2536837,0.16141698,-2.572479,0.38065985,0.9350701,0.6276376,-1.8595061,0.871097,0.35046977,0.23617117,-1.7639924,0.5580463,-0.060632672,-0.13078664,-2.077597,0.35286763,801.4286,793.36993,1123.773,805.8608,709.15753,-0.2110595703125,0.0164794921875,0.9884033203125,2.355194091796875,-2.729034423828125,-0.83740234375,1,1.0,1.0,4.0,1.0,55.00
2020-03-10 14:30:00.681,0.064933226,0.31587914,-1.569445,0.44649687,-0.10924177,-0.24135749,-2.572479,0.24780713,0.84324455,0.27723163,-1.8595061,0.85591334,0.31992716,0.13755286,-1.7639924,0.55267876,-0.047328636,-0.30988657,-2.077597,0.43500695,803.0403,803.44324,1085.4945,796.5934,740.989,-0.24432373046875,0.0369873046875,0.981689453125,2.056121826171875,-7.514190673828125,-0.231781005859375,1,1.0,1.0,2.0,1.0,55.00
2020-03-10 14:30:02.725,0.11768584,-0.14831303,-1.569445,0.4312752,0.29590487,-0.09445736,-2.572479,0.41718265,1.2754806,0.45942968,-1.8595061,1.2379656,0.46135136,0.23247668,-1.7639924,0.5164039,0.13239315,-0.0842382,-2.077597,0.30726472,794.9817,794.9817,943.663,778.46155,681.75824,-0.150634765625,0.01580810546875,0.998291015625,2.43743896484375,-6.05621337890625,-1.36077880859375,1,1.0,1.0,4.0,1.0,55.00
2020-03-10 14:30:04.742,0.30334064,0.36589253,-1.569445,0.21431085,0.07985673,0.01909674,-2.572479,0.04036338,0.71392477,0.14937519,-1.8595061,0.69628507,0.2242256,0.16621792,-1.7639924,0.48360902,0.062163245,-0.19566226,-2.077597,0.10080759,795.38464,788.1319,71.31868,795.38464,751.06226,-0.1717529296875,0.007080078125,1.003662109375,2.7813720703125,-5.8917236328125,0.7177734375,1,1.0,1.0,2.0,1.0,55.00
2020-03-10 14:30:06.773,0.47574398,-0.1102783,-1.569445,0.34141976,0.34217814,-0.13586606,-2.572479,0.4988459,0.79809654,0.57693166,-1.8595061,1.1635437,0.4110291,0.24025992,-1.7639924,0.5788662,0.03456107,-0.010393967,-2.077597,0.23451106,805.4579,804.2491,322.74725,804.65204,692.23444,-0.18408203125,0.0166015625,0.98248291015625,2.011260986328125,-3.7384033203125,-2.444915771484375,1,1.0,1.0,2.0,1.0,55.00
2020-03-10 14:30:08.757,,,,,,,,,,,,,,,,,,,,,,,,,,,,,,,,,,,,,,/muse/elements/blink
2020-03-10 14:30:08.790,-0.054435436,-0.3571852,-1.569445,-0.27091396,0.23914057,-0.50566137,-2.572479,0.1897119,1.1323541,-0.097821325,-1.8595061,0.8248782,0.26227835,0.1036552,-1.7639924,0.40516487,-0.27993616,-0.2925667,-2.077597,0.15178242,756.7033,798.60803,350.54944,757.1062,607.619,-0.19384765625,0.01910400390625,1.00469970703125,1.8243408203125,-4.127197265625,0.530853271484375,1,1.0,1.0,2.0,1.0,55.00
2020-03-10 14:30:10.794,0.36316043,0.20865631,-1.569445,0.3980615,0.31630805,-0.3266785,-2.572479,0.08934153,1.3267388,0.08913666,-1.8595061,1.181221,0.24040997,0.26558444,-1.7639924,0.46040592,0.5297773,0.38126406,-2.077597,0.40612352,786.52014,774.83514,452.08792,792.5641,737.76556,-0.19586181640625,0.0228271484375,0.9837646484375,1.71966552734375,-5.046844482421875,-1.577606201171875,1,1.0,1.0,2.0,1.0,55.00
2020-03-10 14:30:12.824,0.32558805,0.74911445,-1.569445,0.4941013,0.24634127,0.3323958,-2.572479,0.4588409,0.88079256,0.3041464,-1.8595061,1.1898372,0.446266,0.12690927,-1.7639924,0.5563115,0.5876661,0.36540347,-2.077597,0.527608,811.0989,803.44324,597.5458,808.68134,723.663,-0.14501953125,0.022216796875,1.0133056640625,1.757049560546875,-5.6524658203125,-1.368255615234375,1,1.0,1.0,2.0,1.0,50.00
2020-03-10 14:30:14.834,0.6442672,0.6601932,-1.569445,0.5178797,0.48963827,0.3168892,-2.572479,0.39614132,1.2402104,0.12425508,-1.8595061,1.0165392,0.40537053,0.45138538,-1.7639924,0.41638324,0.44788837,0.40500677,-2.077597,0.5341397,817.9487,797.3993,709.9634,807.8755,728.0952,-0.17431640625,0.01959228515625,1.0001220703125,2.205657958984375,-5.84686279296875,-0.179443359375,1,1.0,1.0,2.0,1.0,50.00
2020-03-10 14:30:16.888,0.70469147,-0.043314584,-1.569445,0.92635494,0.22990702,-0.104595326,-2.572479,0.581556,0.91733176,0.08701702,-1.8595061,0.68422717,0.3401313,0.14284638,-1.7639924,0.5200379,0.045213245,-0.16350514,-2.077597,0.3113842,800.6227,794.17584,385.6044,794.57874,782.49084,-0.16839599609375,0.01348876953125,0.99591064453125,2.34771728515625,-4.6954345703125,-0.829925537109375,1,1.0,1.0,2.0,1.0,50.00
2020-03-10 14:30:18.253,,,,,,,,,,,,,,,,,,,,,,,,,,,,,,,,,,,,,,/muse/elements/blink
2020-03-10 14:30:18.908,-0.31456345,0.114146926,-1.569445,-0.23041685,-0.14357296,0.037448052,-2.572479,-0.24195857,0.721521,-0.20393808,-1.8595061,0.93468434,0.23768917,0.2403391,-1.7639924,0.18339117,-0.16337183,-0.42322457,-2.077597,0.047497064,815.5311,793.7729,569.7436,823.5897,655.9707,-0.177978515625,0.01654052734375,1.0023193359375,2.52716064453125,-3.78326416015625,-1.233673095703125,1,1.0,1.0,2.0,1.0,50.00
2020-03-10 14:30:20.920,-0.21146679,-0.011783654,-1.569445,0.15295427,-0.09483591,-0.19827989,-2.572479,0.28139225,0.5017116,0.2487321,-1.8595061,0.94316846,0.22670007,0.039964598,-1.7639924,0.2727923,-0.19398406,-0.1515487,-2.077597,0.073874995,801.02563,803.8461,400.51282,789.7436,776.04395,-0.16595458984375,0.0235595703125,0.9957275390625,2.691650390625,-5.2337646484375,-0.994415283203125,1,1.0,1.0,2.0,1.0,50.00
2020-03-10 14:30:22.968,-0.10382357,-0.61379784,-1.569445,0.16505861,-0.5678927,-0.6103926,-2.572479,0.0037590615,0.81328225,-0.009805363,-1.8595061,0.8815263,0.17634107,-0.07035478,-1.7639924,0.18832852,-0.15885015,-0.2792965,-2.077597,0.13277854,793.7729,790.9524,862.27106,790.54944,762.74725,-0.2042236328125,0.02764892578125,0.99884033203125,1.906585693359375,-5.18890380859375,-1.607513427734375,1,1.0,1.0,2.0,1.0,55.00
2020-03-10 14:30:24.971,-0.050925713,-0.3296329,-1.569445,0.008180397,-0.094780214,-0.55917394,-2.572479,0.20536755,0.8674593,0.0075869253,-1.8595061,0.74253887,0.22006893,0.12881662,-1.7639924,0.31097353,-0.2019553,-0.21560718,-2.077597,-0.12887326,790.9524,790.54944,728.49817,786.52014,759.12085,-0.1971435546875,0.02154541015625,0.98931884765625,2.086029052734375,-5.33843994140625,-1.00189208984375,1,1.0,1.0,2.0,1.0,55.00
2020-03-10 14:30:26.984,0.5511118,0.20713429,-1.569445,0.7070142,0.22357441,-0.3149637,-2.572479,0.3126883,1.0483963,0.10725854,-1.8595061,1.0730654,0.49820256,0.10739769,-1.7639924,0.5006813,0.5354743,-0.15536633,-2.077597,0.6610257,804.2491,781.28204,8.461538,792.5641,1106.4469,-0.19244384765625,0.01776123046875,0.99951171875,1.74957275390625,-5.90667724609375,-0.299072265625,1,1.0,1.0,2.0,1.0,55.00
2020-03-10 14:30:29.002,0.22248724,0.48446846,-1.569445,0.41018865,0.33485407,0.3278857,-2.572479,0.30183497,1.3872759,0.5525924,-1.8595061,1.2211044,0.49817592,0.45747456,-1.7639924,0.39932898,0.50855774,0.47617778,-2.077597,0.46734026,792.96704,776.04395,799.011,798.20514,726.4835,-0.1802978515625,0.02301025390625,0.99774169921875,2.071075439453125,-6.0711669921875,-1.07666015625,1,1.0,1.0,2.0,1.0,55.00
2020-03-10 14:30:31.023,0.57757086,0.68374354,-1.569445,0.4232152,0.45095673,0.53886837,-2.572479,0.4200027,1.1698934,0.3549267,-1.8595061,0.90150374,0.59953916,0.56092954,-1.7639924,0.5894262,0.4625009,0.36019328,-2.077597,0.5636502,780.07324,796.99634,519.3773,771.2088,711.1722,-0.162841796875,0.02001953125,1.0032958984375,2.265472412109375,-5.443115234375,-1.435546875,1,1.0,1.0,2.0,1.0,55.00
2020-03-10 14:30:33.043,0.48870203,1.0767443,-1.569445,0.49228087,0.35154173,0.8349058,-2.572479,0.336891,1.4280806,0.6451701,-1.8595061,1.1716309,0.6831236,0.7547567,-1.7639924,0.7521913,0.38241875,0.42054582,-2.077597,0.40381515,803.44324,808.2784,682.1612,792.5641,762.3443,-0.0965576171875,0.009521484375,1.0091552734375,0.73272705078125,-6.168365478515625,-1.891632080078125,1,1.0,1.0,2.0,1.0,55.00
2020-03-10 14:30:35.069,0.8356096,0.59447896,-1.569445,0.8041133,0.6820787,-0.14615639,-2.572479,0.66305083,1.1787852,0.4574821,-1.8595061,0.9049646,0.46549827,0.15577435,-1.7639924,0.571105,0.41633978,0.22603954,-2.077597,0.60761255,829.2308,796.99634,556.4469,828.4249,707.5458,-0.09722900390625,0.019287109375,1.0096435546875,2.340240478515625,-4.306640625,-1.7047119140625,1,1.0,1.0,2.0,1.0,55.00
2020-03-10 14:30:37.134,0.27858856,-0.016508777,-1.569445,0.4633972,0.026706126,-0.38693887,-2.572479,0.4065195,1.0685374,0.32287323,-1.8595061,1.006621,0.29278862,0.31806892,-1.7639924,0.5983462,-0.055962026,-0.23133326,-2.077597,0.020642355,792.96704,783.69965,286.88644,794.57874,806.6667,-0.1220703125,0.02978515625,1.00970458984375,1.80938720703125,-4.149627685546875,-1.218719482421875,1,1.0,1.0,2.0,1.0,55.00
2020-03-10 14:30:39.075,,,,,,,,,,,,,,,,,,,,,,,,,,,,,,,,,,,,,,/muse/elements/blink
2020-03-10 14:30:39.174,0.19158718,0.031043286,-1.569445,0.34889725,0.44688255,-0.03551631,-2.572479,0.4278324,1.0231583,0.27049026,-1.8595061,0.8832477,0.12558289,0.2693212,-1.7639924,0.5094595,-0.038745493,-0.21038353,-2.077597,0.21786146,762.74725,793.7729,347.32602,762.3443,726.8865,-0.1109619140625,0.01922607421875,1.00927734375,2.27294921875,-5.450592041015625,-1.786956787109375,1,1.0,1.0,2.0,1.0,55.00
2020-03-10 14:30:41.188,0.55455816,0.7857862,-1.569445,0.72039104,0.26414463,0.36864382,-2.572479,0.45275742,0.89213556,0.41602495,-1.8595061,0.9416401,0.46223822,0.6005049,-1.7639924,0.4612023,0.54118395,0.5702436,-2.077597,0.68167704,783.2967,785.7143,369.08426,780.87915,716.4103,-0.09576416015625,0.01953125,1.01068115234375,2.669219970703125,-6.841278076171875,0.46356201171875,1,1.0,1.0,2.0,1.0,55.00
2020-03-10 14:30:43.193,0.47451484,0.72933155,-1.569445,0.1819555,0.20943987,0.36737835,-2.572479,0.17099507,1.368476,0.5466384,-1.8595061,1.3196002,0.5740088,0.64238286,-1.7639924,0.6640037,0.4688192,0.43108538,-2.077597,0.5865077,793.36993,774.43225,484.32236,806.6667,769.59705,-0.0775146484375,-0.0023193359375,1.021240234375,3.96270751953125,-6.018829345703125,-0.171966552734375,1,1.0,1.0,2.0,1.0,55.00
2020-03-10 14:30:45.213,0.026499948,0.592742,-1.569445,1.4507608,-0.33073148,0.1537924,-2.572479,0.65482503,0.3704622,0.32756227,-1.8595061,1.1861613,0.35649323,0.15118554,-1.7639924,0.5590963,-0.0991429,-0.03680755,-2.077597,0.041942302,794.17584,798.20514,570.54944,823.5897,738.97437,-0.033203125,6.103515625E-5,1.0113525390625,3.21502685546875,-5.5926513671875,-0.530853271484375,1,1.0,1.0,2.0,1.0,55.00
2020-03-10 14:30:47.223,-0.28759813,0.112171285,-1.569445,0.04266857,0.0983616,-0.2694638,-2.572479,0.23988968,0.73156446,-0.018591205,-1.8595061,0.7312875,0.36706945,0.059289005,-1.7639924,0.40745893,-9.4202434E-5,-0.15243693,-2.077597,-0.06876366,790.54944,786.1172,416.2271,797.3993,705.12823,-0.05975341796875,-0.004150390625,1.00665283203125,2.429962158203125,-4.007568359375,-0.5084228515625,1,1.0,1.0,2.0,1.0,55.00
2020-03-10 14:30:49.234,-0.024787864,0.17947966,-1.569445,0.23720194,-0.11029602,0.04363778,-2.572479,0.08318778,0.5677805,0.13769163,-1.8595061,0.83817315,0.2635485,0.11729797,-1.7639924,0.31971458,-0.04667262,0.023615541,-2.077597,-0.06652164,792.96704,794.9817,431.53845,790.9524,691.02563,-0.0543212890625,0.00128173828125,1.0135498046875,2.6318359375,-5.57769775390625,-0.231781005859375,1,1.0,1.0,2.0,1.0,55.00
2020-03-10 14:30:50.622,,,,,,,,,,,,,,,,,,,,,,,,,,,,,,,,,,,,,,/muse/elements/blink
2020-03-10 14:30:51.284,-0.12272033,0.22298115,-1.569445,0.3068416,0.35196677,0.0020682872,-2.572479,-0.097576804,0.53034323,0.15016973,-1.8595061,0.70585465,0.45791212,0.24771869,-1.7639924,0.39197588,-0.3175558,-0.028850228,-2.077597,0.033406243,795.38464,799.81683,560.4762,793.36993,681.75824,-0.0413818359375,-7.32421875E-4,1.00946044921875,2.041168212890625,-5.330963134765625,-1.375732421875,1,1.0,1.0,2.0,1.0,55.00
2020-03-10 14:30:53.322,0.61736,0.72837985,-1.569445,0.57946926,0.584816,0.5685508,-2.572479,0.6642588,1.0599058,0.8822307,-1.8595061,1.2454745,0.41785437,0.5636946,-1.7639924,0.6219747,0.6109569,0.48179772,-2.077597,0.5461029,805.8608,794.17584,442.41757,823.1868,837.6923,0.027587890625,0.0113525390625,1.00457763671875,2.5421142578125,-3.267364501953125,-2.400054931640625,1,1.0,1.0,2.0,1.0,55.00
2020-03-10 14:30:55.340,-0.004627379,-0.5392912,-1.569445,0.06284785,-0.16772631,-0.38686892,-2.572479,0.002919867,0.66825503,-0.23300175,-1.8595061,0.83767706,0.50942266,0.07455969,-1.7639924,0.6835876,0.03866492,-0.16446994,-2.077597,0.16761799,803.8461,796.99634,608.4249,812.71063,725.6777,0.01959228515625,0.0023193359375,1.013427734375,2.34771728515625,-5.48797607421875,-0.949554443359375,1,1.0,1.0,2.0,1.0,55.00
2020-03-10 14:30:57.382,0.0925255,0.030166052,-1.569445,0.29642367,0.10920343,-0.2556482,-2.572479,0.25978592,0.89060307,-0.14265181,-1.8595061,0.6449783,0.27546218,-0.0027811932,-1.7639924,0.6362762,-0.11772784,-0.14880857,-2.077597,0.23934759,772.4176,765.9707,286.48352,781.28204,753.0769,0.0322265625,0.004150390625,1.01239013671875,2.729034423828125,-2.474822998046875,-0.91217041015625,1,1.0,1.0,2.0,1.0,55.00
2020-03-10 14:30:58.238,,,,,,,,,,,,,,,,,,,,,,,,,,,,,,,,,,,,,,/muse/elements/blink
2020-03-10 14:30:59.450,0.95840585,0.7329862,-1.569445,0.9031806,0.7401498,0.29696843,-2.572479,0.82173723,0.87252957,-0.42872554,-1.8595061,0.9616691,0.55352503,0.17871404,-1.7639924,0.6986499,0.1745898,-0.089315094,-2.077597,0.4135746,776.4469,812.71063,648.71796,778.0586,737.3626,-0.0030517578125,0.01678466796875,1.01824951171875,3.102874755859375,-5.48797607421875,0.246734619140625,1,1.0,1.0,2.0,1.0,55.00
2020-03-10 14:31:01.460,0.6139554,0.97699016,-1.569445,1.0692978,0.36428142,0.5212072,-2.572479,0.7822224,0.6152357,-0.06281324,-1.8595061,1.3083869,0.6263542,0.10768493,-1.7639924,0.76666826,0.40176058,-0.13722901,-2.077597,0.33039525,800.2198,796.99634,553.6264,810.293,723.2601,-0.00408935546875,0.01361083984375,1.01190185546875,2.01873779296875,-3.648681640625,-0.94207763671875,1,1.0,1.0,2.0,1.0,55.00
2020-03-10 14:31:03.494,0.24379063,-0.060685087,-1.569445,0.5524766,-0.050133873,-0.33514178,-2.572479,0.18520229,0.5413517,0.2246664,-1.8595061,0.87370074,0.3951026,0.14247794,-1.7639924,0.6666849,0.009012846,0.06132681,-2.077597,0.46164355,801.02563,798.60803,358.60806,800.2198,761.13556,-0.04986572265625,0.03302001953125,1.009033203125,3.39447021484375,-4.687957763671875,1.03179931640625,1,1.0,1.0,2.0,1.0,55.00
2020-03-10 14:31:05.497,,,,,,,,,,,,,,,,,,,,,,,,,,,,,,,,,,,,,,/muse/elements/blink
2020-03-10 14:31:05.526,-0.29186463,-0.11304213,-1.569445,0.07570618,-0.041908324,-0.22155729,-2.572479,-0.009412798,0.6233531,0.08852687,-1.8595061,0.6278618,0.27215663,0.11414946,-1.7639924,0.42287332,0.1922934,-0.12729992,-2.077597,0.31300923,781.685,761.53845,660.40295,785.7143,626.55676,-0.05792236328125,0.04486083984375,1.00958251953125,1.95892333984375,-5.734710693359375,-0.530853271484375,1,1.0,1.0,2.0,1.0,55.00
2020-03-10 14:31:07.564,0.35370952,0.38148284,-1.569445,0.33826742,0.27237326,0.22126302,-2.572479,0.39244926,1.1908839,0.101925075,-1.8595061,1.058185,0.4946942,0.5731841,-1.7639924,0.4110452,0.3708271,0.5950732,-2.077597,0.421247,802.6374,786.52014,489.1575,796.5934,775.2381,-0.0302734375,0.01922607421875,1.015869140625,2.684173583984375,-6.74407958984375,-0.76263427734375,1,1.0,1.0,2.0,1.0,55.00
2020-03-10 14:31:09.607,0.20956871,0.4927674,-1.569445,-0.03243424,0.29953757,0.083255,-2.572479,0.20614488,0.9076184,0.45833883,-1.8595061,1.0745486,0.26411614,0.3864034,-1.7639924,0.52838826,0.55277395,0.44372675,-2.077597,0.53522295,816.337,801.02563,733.3333,824.7985,749.0476,-0.01861572265625,0.02386474609375,1.01544189453125,2.863616943359375,-1.68975830078125,-0.37384033203125,1,1.0,1.0,2.0,1.0,55.00
2020-03-10 14:31:11.635,0.27934837,0.013179543,-1.569445,0.085548006,0.1952299,-0.2282297,-2.572479,0.3169699,0.9974714,0.121429816,-1.8595061,1.0309452,0.5435884,0.16060564,-1.7639924,0.7309612,0.60301954,0.029785583,-2.077597,0.59950256,795.78754,797.8022,911.8315,793.7729,690.6227,-0.190673828125,0.03326416015625,0.99285888671875,2.64678955078125,-8.6431884765625,-0.007476806640625,1,1.0,1.0,2.0,1.0,55.00
2020-03-10 14:31:13.652,0.6163555,0.21957923,-1.569445,0.77578557,0.24015827,-0.13278584,-2.572479,0.5044628,0.9832238,0.26277617,-1.8595061,1.0690757,0.46683976,0.121551245,-1.7639924,0.39694387,-0.06682533,-0.12182554,-2.077597,0.080731295,790.9524,792.96704,547.98535,796.99634,731.31866,-0.08673095703125,0.03375244140625,1.01092529296875,2.100982666015625,-5.390777587890625,-1.084136962890625,1,1.0,1.0,2.0,1.0,55.00
2020-03-10 14:31:15.662,-0.1101157,-0.42280498,-1.569445,-0.1894715,0.044398334,-0.37123144,-2.572479,0.14938931,0.41298917,0.15023999,-1.8595061,0.6835844,0.23162787,0.057222955,-1.7639924,0.47751093,-0.13582411,-0.25849018,-2.077597,0.18386725,774.43225,788.1319,713.9927,774.0293,651.13556,-0.12017822265625,0.03131103515625,1.00469970703125,2.7215576171875,-4.134674072265625,-0.605621337890625,1,1.0,1.0,2.0,1.0,50.00
2020-03-10 14:31:17.673,1.2869124,1.2416203,-1.569445,0.92235756,0.3391314,0.460707,-2.572479,0.4108349,0.3997092,-0.05257197,-1.8595061,0.7801266,0.56910473,0.21098438,-1.7639924,0.554761,0.09615726,-0.22121161,-2.077597,0.4075904,803.0403,781.28204,776.04395,815.12823,739.7802,-0.09716796875,0.0167236328125,1.01226806640625,3.349609375,-5.51788330078125,-0.91217041015625,1,1.0,1.0,2.0,1.0,50.00
2020-03-10 14:31:19.679,0.89833,0.5144139,-1.569445,1.0420821,0.1909684,-0.5883834,-2.572479,0.3318366,1.0949584,0.076327674,-1.8595061,1.1847572,0.47918573,0.56404483,-1.7639924,0.6003459,0.47755712,0.28387108,-2.077597,0.37879956,795.78754,801.02563,839.304,805.4579,768.7912,-0.06939697265625,0.0118408203125,1.0147705078125,2.833709716796875,-4.329071044921875,-0.396270751953125,1,1.0,1.0,2.0,1.0,50.00
2020-03-10 14:31:21.686,-0.050825294,0.42014593,-1.569445,0.23604505,-0.008779393,-0.6844317,-2.572479,0.5040432,0.9554838,-0.14769699,-1.8595061,1.1228746,0.43748218,0.5045917,-1.7639924,0.51204634,0.19135335,0.27927136,-2.077597,0.343833,805.4579,792.1612,728.0952,811.0989,685.78754,-0.03338623046875,0.01513671875,1.01739501953125,1.9439697265625,-4.478607177734375,-1.996307373046875,1,1.0,1.0,2.0,1.0,50.00
2020-03-10 14:31:23.688,0.034108724,-0.05306884,-1.569445,-0.21297234,0.093771935,-0.3957705,-2.572479,-0.059025552,0.8141948,0.08047578,-1.8595061,0.61339784,0.39081195,-0.0026658454,-1.7639924,0.5752085,-0.17685321,-0.31663823,-2.077597,0.26503396,798.20514,795.38464,572.5641,789.7436,686.5934,-0.0380859375,0.01483154296875,1.013427734375,3.2000732421875,-3.745880126953125,-0.590667724609375,1,1.0,1.0,2.0,1.0,50.00
2020-03-10 14:31:25.711,0.64828396,0.37896377,-1.569445,0.41156974,0.29994372,-0.15336026,-2.572479,0.39295903,1.0465014,0.19104615,-1.8595061,1.0980097,0.4474698,0.17045836,-1.7639924,0.84510154,-0.11426041,-0.16872917,-2.077597,0.500551,790.54944,786.9231,520.58606,791.3553,796.1905,-0.0810546875,0.04376220703125,1.0194091796875,3.910369873046875,-2.938385009765625,-2.1234130859375,1,1.0,1.0,2.0,1.0,50.00
2020-03-10 14:31:27.721,0.8087596,0.62418914,-1.569445,0.86419314,0.30587688,-0.11408766,-2.572479,0.6242662,1.1257557,-0.043101165,-1.8595061,0.92945963,0.5521933,0.24781483,-1.7639924,0.61894983,-0.05044811,0.05320984,-2.077597,0.19128758,797.8022,797.3993,1196.3004,802.23444,670.4762,-0.1856689453125,0.044189453125,0.986572265625,2.87109375,-7.07305908203125,0.052337646484375,1,1.0,1.0,2.0,1.0,50.00
2020-03-10 14:31:27.853,,,,,,,,,,,,,,,,,,,,,,,,,,,,,,,,,,,,,,/muse/elements/blink
2020-03-10 14:31:28.727,,,,,,,,,,,,,,,,,,,,,,,,,,,,,,,,,,,,,,/muse/elements/blink
2020-03-10 14:31:29.279,,,,,,,,,,,,,,,,,,,,,,,,,,,,,,,,,,,,,,/muse/elements/blink
2020-03-10 14:31:29.744,1.1303761,0.9136443,-1.569445,0.86419314,0.8228488,0.5713711,-2.572479,0.6242662,0.7648998,0.6476828,-1.8595061,0.92945963,0.3342282,0.35463881,-1.7639924,0.61894983,0.04110044,0.05485199,-2.077597,0.19128758,823.1868,800.2198,737.3626,824.3956,798.20514,-0.14593505859375,0.04888916015625,1.00048828125,2.70660400390625,-6.98333740234375,0.725250244140625,1,1.0,1.0,2.0,1.0,50.00
2020-03-10 14:31:31.772,0.0909718,-0.30896035,-1.569445,0.3424563,-0.13012816,-0.35273272,-2.572479,0.17120671,0.7414347,0.023592915,-1.8595061,0.82003766,0.32597944,0.10606877,-1.7639924,0.50201744,0.053600956,-0.2937989,-2.077597,0.02523018,790.14655,778.86444,985.56775,796.5934,803.44324,-0.17987060546875,0.05987548828125,0.99267578125,3.18511962890625,-4.942169189453125,-1.173858642578125,1,1.0,1.0,2.0,1.0,50.00
2020-03-10 14:31:33.823,,,,,,,,,,,,,,,,,,,,,,,,,,,,,,,,,,,,,,/muse/elements/blink
2020-03-10 14:31:33.824,0.8550233,0.46000192,-1.569445,0.7636472,0.51040053,-0.13418333,-2.572479,0.46201342,1.3169754,0.36152688,-1.8595061,0.9927874,0.4957833,0.22535068,-1.7639924,0.58272487,0.286137,-0.124601096,-2.077597,0.47448212,731.7216,821.5751,833.2601,735.34796,838.9011,-0.17919921875,0.0576171875,0.9930419921875,1.996307373046875,-4.62066650390625,-1.039276123046875,1,1.0,1.0,2.0,1.0,50.00
2020-03-10 14:31:35.859,-0.034904324,0.6660117,-1.569445,0.14986177,0.29690745,0.5866615,-2.572479,0.18150131,1.470038,0.47166827,-1.8595061,1.2771034,0.7548387,0.45941696,-1.7639924,0.72972035,0.1727738,0.464078,-2.077597,0.2523265,790.54944,809.0842,740.58606,796.99634,668.46155,-0.16363525390625,0.03887939453125,0.99371337890625,3.117828369140625,-4.85992431640625,0.28411865234375,1,1.0,1.0,2.0,1.0,55.00
2020-03-10 14:31:37.866,0.00426963,0.3914903,-1.569445,0.070297785,-0.01662988,0.11529511,-2.572479,0.40697432,0.8658364,0.14383228,-1.8595061,1.3004426,0.44302392,0.26080823,-1.7639924,0.4558706,0.38969642,0.2880055,-2.077597,0.38318282,796.5934,794.17584,765.16486,801.02563,621.31866,-0.13177490234375,0.05047607421875,1.000244140625,1.60003662109375,-5.674896240234375,-0.538330078125,1,1.0,1.0,2.0,1.0,55.00
2020-03-10 14:31:39.885,0.0488058,0.34104133,-1.569445,0.54315656,0.44498035,0.031150552,-2.572479,0.44552305,1.1203567,0.40794003,-1.8595061,1.1661083,0.42682952,0.34450418,-1.7639924,0.49165833,0.5759361,0.43571144,-2.077597,0.61570084,846.55676,788.93774,713.1868,838.0952,650.7326,-0.12921142578125,0.03314208984375,1.006591796875,2.75146484375,-4.852447509765625,-1.1663818359375,1,1.0,1.0,2.0,1.0,55.00
2020-03-10 14:31:41.895,0.1111468,0.26215428,-1.569445,-0.13450478,0.07690418,-0.12973255,-2.572479,0.11305003,0.9854429,0.18050458,-1.8595061,0.9653089,0.32437712,0.117045455,-1.7639924,0.48737326,-0.04503341,-0.012825203,-2.077597,0.10985016,800.2198,796.5934,830.0366,810.293,674.5055,-0.1416015625,0.0435791015625,1.00360107421875,3.48419189453125,-4.7552490234375,-0.10467529296875,1,1.0,1.0,2.0,1.0,55.00
2020-03-10 14:31:43.937,0.6145055,-0.13447647,-1.569445,0.6413683,0.5141845,-0.056388546,-2.572479,0.2795755,1.0830941,0.21212952,-1.8595061,0.6505012,0.49106562,0.224832,-1.7639924,0.56854993,-0.09729569,-0.19564009,-2.077597,0.0325078,753.8828,792.5641,825.2015,774.83514,700.293,-0.143310546875,0.03662109375,1.00518798828125,1.74957275390625,-4.329071044921875,-1.3458251953125,1,1.0,1.0,2.0,1.0,55.00
2020-03-10 14:31:45.971,0.08978856,0.44403437,-1.569445,0.37620658,0.47603738,0.15894355,-2.572479,0.4852683,1.2340231,0.5860525,-1.8595061,1.0257237,0.28947774,0.34365845,-1.7639924,0.4585383,0.59826803,0.7113473,-2.077597,0.49720696,796.99634,796.5934,548.7912,790.54944,635.0183,-0.1162109375,0.0218505859375,1.0050048828125,0.560760498046875,-5.443115234375,-2.01873779296875,1,1.0,1.0,2.0,1.0,55.00
2020-03-10 14:31:47.979,0.4517174,0.87536323,-1.569445,0.44388536,0.3016354,0.3851949,-2.572479,0.48305157,1.2729065,0.27933547,-1.8595061,1.1992564,0.46465135,0.372388,-1.7639924,0.63096756,0.4101417,0.5853283,-2.077597,0.44468307,780.4762,795.78754,749.85345,773.6264,721.6484,-0.1201171875,0.02197265625,1.01251220703125,2.28790283203125,-4.687957763671875,-0.919647216796875,1,1.0,1.0,2.0,1.0,55.00
2020-03-10 14:31:49.994,0.18188512,0.56034625,-1.569445,0.5302186,0.08878517,0.3179577,-2.572479,0.18108764,1.1389663,0.2590969,-1.8595061,1.1231818,0.45875892,0.35024223,-1.7639924,0.5174644,0.5661099,0.50148606,-2.077597,0.52004576,802.6374,792.1612,572.5641,817.1429,887.25275,-0.11639404296875,0.023193359375,1.0052490234375,2.295379638671875,-5.615081787109375,-0.64300537109375,1,1.0,1.0,2.0,1.0,55.00
2020-03-10 14:31:52.001,0.31771335,1.0152088,-1.569445,0.19222666,0.012301633,0.63676715,-2.572479,0.21059932,1.1520244,0.17783533,-1.8595061,1.1072462,0.44395837,0.5010143,-1.7639924,0.52749807,0.2198361,0.2509094,-2.077597,0.4671242,805.4579,805.8608,728.0952,802.23444,720.0366,-0.12420654296875,0.03082275390625,1.01190185546875,1.562652587890625,-5.33843994140625,-1.472930908203125,1,1.0,1.0,2.0,1.0,55.00
2020-03-10 14:31:54.040,0.46601716,0.22476363,-1.569445,0.53920835,0.014174496,-0.5587905,-2.572479,0.35063162,1.2294649,0.07033905,-1.8595061,1.1451694,0.53890073,0.34097844,-1.7639924,0.58653295,0.44834754,0.15763316,-2.077597,0.48858532,826.8132,804.65204,813.1135,821.1722,724.0659,-0.12725830078125,0.0291748046875,1.00830078125,2.16827392578125,-4.486083984375,-0.082244873046875,1,1.0,1.0,2.0,1.0,55.00
2020-03-10 14:31:56.090,0.034655206,-0.05383647,-1.569445,0.13429001,-0.16094875,-0.42097524,-2.572479,-0.013152162,0.62126076,0.23997344,-1.8595061,0.78301895,0.38202184,0.12565523,-1.7639924,0.37780178,-0.12642841,-0.2905131,-2.077597,0.030817254,805.4579,798.60803,762.3443,794.17584,730.9158,-0.12542724609375,0.02850341796875,1.00390625,2.654266357421875,-4.104766845703125,-0.79254150390625,1,1.0,1.0,2.0,1.0,55.00
2020-03-10 14:31:58.101,-0.114770114,-0.37714186,-1.569445,-0.07283566,0.058342285,-0.28227794,-2.572479,0.10759691,0.8882558,0.098883264,-1.8595061,0.9837749,0.14667411,0.07394133,-1.7639924,0.37614202,-0.30384803,-0.26203707,-2.077597,0.1990301,785.7143,787.72894,628.5714,783.2967,815.12823,-0.11932373046875,0.02325439453125,1.00738525390625,2.4224853515625,-6.063690185546875,-0.456085205078125,1,1.0,1.0,2.0,1.0,55.00
2020-03-10 14:32:00.114,-0.33239907,-0.3713178,-1.569445,0.18935911,0.012625911,-0.09698463,-2.572479,0.06846798,0.6756487,0.07266419,-1.8595061,0.8388415,0.22217634,0.042485174,-1.7639924,0.41108605,-0.29299712,-0.17807515,-2.077597,0.037951775,811.9048,796.1905,855.0183,826.4103,744.61536,-0.11468505859375,0.02801513671875,1.00860595703125,1.98883056640625,-4.71038818359375,-1.577606201171875,1,1.0,1.0,2.0,1.0,55.00
2020-03-10 14:32:02.152,0.06879219,0.051550772,-1.569445,-0.08983449,-0.24169631,-0.19559085,-2.572479,0.07393588,0.35873494,0.12893589,-1.8595061,0.52957106,0.3922233,0.0759262,-1.7639924,0.27938312,-0.25949934,-0.16226003,-2.077597,0.1313796,801.8315,803.0403,660.40295,800.2198,689.81683,-0.1143798828125,0.0281982421875,1.00360107421875,1.854248046875,-4.486083984375,-0.411224365234375,1,1.0,1.0,2.0,1.0,55.00
2020-03-10 14:32:04.170,0.36565658,0.11463792,-1.569445,0.62714756,0.26713756,-0.057654098,-2.572479,0.46268088,0.92215896,0.038175676,-1.8595061,0.90903497,0.29239753,0.05357824,-1.7639924,0.52949,0.009109907,-0.0740903,-2.077597,0.25948548,808.68134,800.2198,927.1429,799.81683,680.9524,-0.11810302734375,0.0269775390625,1.009521484375,1.83929443359375,-4.583282470703125,-0.97198486328125,1,1.0,1.0,2.0,1.0,55.00
2020-03-10 14:32:06.233,-0.11452285,-0.16233307,-1.569445,-0.18904988,0.017543977,-0.352604,-2.572479,0.016357077,0.54782546,-0.14772281,-1.8595061,0.95341104,0.12437912,0.1227809,-1.7639924,0.19399452,0.08043221,-0.04425765,-2.077597,-0.039949287,799.81683,797.8022,722.4542,810.293,684.57874,-0.11865234375,0.02703857421875,1.00750732421875,2.878570556640625,-5.555267333984375,-0.007476806640625,1,1.0,1.0,2.0,1.0,55.00
2020-03-10 14:32:08.257,0.02429463,1.0917051,-1.569445,-0.00551207,-0.054033756,-0.054622218,-2.572479,0.10335555,0.45052868,0.25614896,-1.8595061,0.6641289,0.33322206,0.13752475,-1.7639924,0.2254494,-0.22000048,0.16261712,-2.077597,-0.104833126,809.0842,796.1905,789.34064,810.696,624.5421,-0.10260009765625,0.02679443359375,1.00506591796875,1.74957275390625,-5.86181640625,-0.979461669921875,1,1.0,1.0,2.0,1.0,55.00
2020-03-10 14:32:10.271,-0.33570746,0.008353906,-1.569445,0.058845732,0.030939626,-0.49723366,-2.572479,-0.13267536,0.5785357,0.09928968,-1.8595061,0.92740136,0.3855654,0.019100228,-1.7639924,0.34815237,-0.1802978,-0.014671415,-2.077597,0.07332359,803.0403,802.23444,734.5421,804.2491,741.79486,-0.11431884765625,0.0245361328125,1.0050048828125,2.16827392578125,-4.613189697265625,-0.456085205078125,1,1.0,1.0,2.0,1.0,55.00
2020-03-10 14:32:12.330,-0.25545755,-0.34499675,-1.569445,0.060229838,0.046866283,-0.12840752,-2.572479,0.027568169,0.67518556,0.26396006,-1.8595061,0.88055235,0.38881215,0.24257244,-1.7639924,0.4436255,-0.10267177,-0.2675606,-2.077597,0.42418644,803.0403,801.8315,771.2088,806.6667,870.32965,-0.11798095703125,0.028076171875,1.00628662109375,2.0037841796875,-4.224395751953125,-1.48040771484375,1,1.0,1.0,2.0,1.0,55.00
2020-03-10 14:32:14.347,0.032294415,0.7519465,-1.569445,-0.06436754,0.15870531,0.116377555,-2.572479,0.34272018,0.79327357,-0.19825725,-1.8595061,0.9782519,0.42519808,0.022674127,-1.7639924,0.5740703,-0.07289714,-0.20013466,-2.077597,0.006123806,789.34064,787.72894,913.0403,794.9817,655.16486,-0.1334228515625,0.0347900390625,0.9998779296875,2.093505859375,-4.568328857421875,-1.06170654296875,1,1.0,1.0,2.0,1.0,55.00
2020-03-10 14:32:16.371,0.032294415,0.77828664,-1.569445,-0.06436754,0.15870531,-0.18510854,-2.572479,0.34272018,0.79327357,-0.0108964555,-1.8595061,0.9782519,0.42519808,0.073085815,-1.7639924,0.5740703,-0.07289714,-0.21895164,-2.077597,0.006123806,812.3077,800.2198,808.68134,813.1135,798.20514,-0.1322021484375,0.03076171875,1.00140380859375,1.772003173828125,-5.570220947265625,-1.816864013671875,1,2.0,1.0,2.0,2.0,50.00
2020-03-10 14:32:18.397,0.08616781,-0.15734059,-1.569445,0.06481063,0.109635435,-0.34673992,-2.572479,-0.066977985,1.0538675,0.10681825,-1.8595061,1.0438665,0.27591807,-0.027011158,-1.7639924,0.26876077,-0.05020968,-0.07724755,-2.077597,0.02556208,799.41394,801.02563,643.47986,791.75824,781.28204,-0.1326904296875,0.02947998046875,1.0084228515625,3.170166015625,-5.263671875,-0.650482177734375,1,1.0,1.0,2.0,1.0,50.00
2020-03-10 14:32:20.407,-0.12878689,0.11355748,-1.569445,-0.019672489,-0.063464224,-0.26327208,-2.572479,0.18291411,0.9243766,0.066200934,-1.8595061,0.9705761,0.18711777,0.057816796,-1.7639924,0.27244127,-0.13833134,-0.15499467,-2.077597,-0.010724121,775.2381,761.53845,855.42126,779.67035,684.17584,-0.145263671875,0.02703857421875,1.0076904296875,1.786956787109375,-3.46923828125,-1.188812255859375,1,1.0,1.0,2.0,1.0,50.00
2020-03-10 14:32:22.413,0.3649861,1.0555801,-1.569445,0.16448593,-0.050665945,0.47633904,-2.572479,0.14306907,0.96773636,0.2709121,-1.8595061,1.0629075,0.31894425,0.4703797,-1.7639924,0.3984862,0.3432088,0.3510408,-2.077597,0.51449794,818.7546,803.44324,753.0769,811.9048,700.696,-0.1285400390625,0.0318603515625,1.00860595703125,1.891632080078125,-4.725341796875,-0.59814453125,1,1.0,1.0,2.0,1.0,50.00
2020-03-10 14:32:24.455,0.34523186,0.74377275,-1.569445,0.45773003,0.36480343,0.05665201,-2.572479,0.5070684,1.0379678,0.28354073,-1.8595061,1.0133392,0.44313377,0.4854016,-1.7639924,0.51652807,0.38561568,0.32266358,-2.077597,0.4984533,788.93774,815.12823,952.52747,805.4579,773.6264,-0.1177978515625,0.03289794921875,1.00872802734375,2.7813720703125,-4.583282470703125,-0.530853271484375,1,1.0,1.0,2.0,1.0,50.00
2020-03-10 14:32:26.486,0.39397982,0.30852395,-1.569445,0.42984992,0.2011719,0.21813983,-2.572479,0.24219927,1.1479727,0.46649787,-1.8595061,1.228386,0.3619887,0.38327444,-1.7639924,0.48046565,0.3198536,0.3925233,-2.077597,0.609046,806.6667,790.14655,842.52747,819.9634,758.315,-0.11724853515625,0.0301513671875,1.0013427734375,1.727142333984375,-4.1571044921875,-1.712188720703125,1,1.0,1.0,2.0,1.0,50.00
2020-03-10 14:32:28.490,-0.03090181,0.128067,-1.569445,0.38590312,-0.015339242,0.011022259,-2.572479,0.21420857,1.0076399,0.22444086,-1.8595061,1.2627745,0.47963238,0.5269581,-1.7639924,0.5166926,0.395161,0.5672738,-2.077597,0.50784755,843.3333,774.43225,1084.6886,838.49817,796.1905,-0.13385009765625,0.02398681640625,1.0147705078125,2.1832275390625,-3.7982177734375,-0.590667724609375,1,1.0,1.0,2.0,1.0,55.00
2020-03-10 14:32:30.539,0.5286679,0.13487357,-1.569445,0.553665,0.11493893,-0.22650258,-2.572479,0.1088596,0.63913244,-0.017715884,-1.8595061,0.63023186,0.48509702,0.047533505,-1.7639924,0.481593,-0.021571307,-0.055609226,-2.077597,0.45479393,805.8608,802.6374,1118.5348,807.0696,804.2491,-0.1129150390625,0.02276611328125,1.00921630859375,2.213134765625,-4.3963623046875,-1.54022216796875,1,1.0,1.0,2.0,1.0,55.00
2020-03-10 14:32:32.553,0.2997753,0.21926664,-1.569445,0.28142646,0.0068348367,-0.030818377,-2.572479,0.06676826,0.60963637,0.22289641,-1.8595061,0.5679406,0.3451209,0.15694092,-1.7639924,0.5500975,0.006902441,0.011025394,-2.077597,0.22621742,733.3333,814.7253,743.00366,736.1539,733.3333,-0.0799560546875,0.0128173828125,1.00616455078125,1.577606201171875,-4.6954345703125,-1.136474609375,1,1.0,1.0,2.0,1.0,55.00
2020-03-10 14:32:32.660,,,,,,,,,,,,,,,,,,,,,,,,,,,,,,,,,,,,,,/muse/elements/blink
2020-03-10 14:32:34.578,0.23012692,0.31336007,-1.569445,0.30043727,0.067709304,0.2083002,-2.572479,0.28856078,1.0761465,0.14375244,-1.8595061,0.99457175,0.39423212,0.48633635,-1.7639924,0.7458051,0.5204278,0.55744636,-2.077597,0.6896333,821.5751,793.36993,1027.4725,810.696,734.5421,-0.079345703125,0.0113525390625,1.0078125,2.011260986328125,-5.27862548828125,-0.2691650390625,1,1.0,1.0,2.0,1.0,55.00
2020-03-10 14:32:36.588,0.38313743,0.5504996,-1.569445,0.14469568,-0.15769964,0.2923161,-2.572479,0.27664417,1.0547885,-0.01276688,-1.8595061,1.0678927,0.61814594,0.6403772,-1.7639924,0.7178775,0.45768213,0.32868084,-2.077597,0.60511875,793.36993,792.5641,1098.3883,805.8608,698.2784,-0.0740966796875,0.0120849609375,1.00897216796875,1.248626708984375,-5.899200439453125,-2.205657958984375,1,1.0,1.0,2.0,1.0,55.00
2020-03-10 14:32:38.616,0.31484988,0.6094039,-1.569445,0.22676975,0.18873125,0.13009194,-2.572479,0.35288548,0.60130775,0.27983972,-1.8595061,0.83878523,0.4143139,0.11827057,-1.7639924,0.6502084,0.14696474,-0.14411078,-2.077597,0.8223855,804.2491,805.4579,1362.7106,822.381,828.022,-0.1109619140625,0.0208740234375,0.99798583984375,0.85235595703125,-2.564544677734375,-1.547698974609375,1,1.0,1.0,4.0,1.0,50.00
2020-03-10 14:32:40.640,1.2006471,0.66182387,-1.569445,1.3009019,0.77906686,0.054734126,-2.572479,0.86738545,1.3420337,0.4638874,-1.8595061,1.146595,0.49187052,0.19219832,-1.7639924,0.6629312,0.112586536,-0.15160763,-2.077597,0.5541514,800.6227,799.81683,1345.3846,792.1612,763.1502,-0.1529541015625,0.02288818359375,1.00823974609375,1.95892333984375,-4.1571044921875,-1.3458251953125,1,1.0,1.0,2.0,1.0,50.00
2020-03-10 14:32:42.661,0.26936013,-0.15333363,-1.569445,0.49669874,0.18564261,-0.38312504,-2.572479,0.2476442,0.71158195,0.22529824,-1.8595061,1.0087223,0.63103306,0.2409945,-1.7639924,0.7033573,0.17132673,-0.037270486,-2.077597,0.38027835,809.89014,799.81683,1442.0879,824.3956,767.5824,-0.186767578125,0.02618408203125,0.993896484375,3.117828369140625,-5.031890869140625,0.88226318359375,1,1.0,1.0,2.0,1.0,50.00
2020-03-10 14:32:43.048,,,,,,,,,,,,,,,,,,,,,,,,,,,,,,,,,,,,,,/muse/elements/blink
2020-03-10 14:32:44.700,0.3110361,0.07585994,-1.569445,0.14067759,0.09617609,-0.4234335,-2.572479,0.33787474,0.55316925,-0.27414435,-1.8595061,0.37550035,0.41710013,0.19289601,-1.7639924,0.6211668,0.1776744,-0.17912503,-2.077597,0.53703433,802.6374,797.3993,1176.5568,792.1612,826.0073,-0.1356201171875,0.03582763671875,1.00592041015625,1.772003173828125,-5.3533935546875,-1.12152099609375,1,1.0,1.0,2.0,1.0,50.00
2020-03-10 14:32:46.712,0.7153396,0.66399616,-1.569445,0.7198471,0.4012875,0.0796115,-2.572479,0.5674828,0.8879628,0.03917587,-1.8595061,1.0727777,0.3665736,0.110944554,-1.7639924,0.5804897,-0.085054755,-0.0669141,-2.077597,0.32570758,789.34064,802.23444,1131.0256,792.5641,667.25275,-0.1768798828125,0.020263671875,1.00079345703125,2.70660400390625,-5.166473388671875,-0.418701171875,1,1.0,1.0,2.0,1.0,50.00
2020-03-10 14:32:48.719,0.5143173,0.7172103,-1.569445,0.8498629,0.43560067,0.23599045,-2.572479,0.7479447,1.3263874,0.34874612,-1.8595061,1.1010107,0.616322,0.5567481,-1.7639924,0.6627541,0.31781092,0.34457043,-2.077597,0.60247093,776.04395,780.07324,476.66666,795.78754,973.8828,-0.14239501953125,0.02996826171875,1.0047607421875,1.831817626953125,-4.314117431640625,-0.590667724609375,1,1.0,1.0,2.0,1.0,50.00
2020-03-10 14:32:50.778,0.22959808,0.48039323,-1.569445,0.5510229,0.10503444,-0.12427055,-2.572479,0.16957997,1.1629992,0.3422885,-1.8595061,1.1502231,0.41836905,0.17964593,-1.7639924,0.534364,0.4459164,0.35760885,-2.077597,0.4835116,813.5165,802.23444,933.9927,806.26373,728.9011,-0.1405029296875,0.02667236328125,0.99908447265625,2.16827392578125,-4.0673828125,-0.8673095703125,1,1.0,1.0,2.0,1.0,50.00
2020-03-10 14:32:52.830,0.2606137,0.5431395,-1.569445,0.12230461,0.071843125,0.0141372755,-2.572479,0.055216275,1.1761439,0.40576062,-1.8595061,0.9869189,0.36082235,0.43101394,-1.7639924,0.60056776,0.3781762,0.26195964,-2.077597,0.35702643,787.326,788.1319,671.685,778.86444,834.0659,-0.13299560546875,0.0164794921875,1.0106201171875,2.452392578125,-3.745880126953125,-1.4654541015625,1,1.0,1.0,2.0,1.0,50.00
2020-03-10 14:32:54.878,0.106128976,0.35518357,-1.569445,0.2026642,0.2928364,0.020723855,-2.572479,0.35624477,1.053423,0.5230491,-1.8595061,0.9719479,0.5233629,0.65616035,-1.7639924,0.6805363,0.408349,0.38735446,-2.077597,0.49896097,817.1429,802.6374,517.3626,807.8755,811.50183,-0.13116455078125,0.0142822265625,1.00225830078125,1.7047119140625,-3.2000732421875,-1.5252685546875,1,1.0,1.0,2.0,1.0,50.00
2020-03-10 14:32:56.898,0.48597178,0.925421,-1.569445,0.4618975,0.36704883,0.08408323,-2.572479,0.17155035,1.2702681,0.3401462,-1.8595061,1.0537269,0.5704593,0.54761034,-1.7639924,0.6061012,0.5144197,0.17307341,-2.077597,0.6014352,834.87177,814.7253,890.87915,819.9634,697.8755,-0.11468505859375,0.03460693359375,1.00714111328125,2.564544677734375,-5.323486328125,-0.13458251953125,1,1.0,1.0,2.0,1.0,50.00
2020-03-10 14:32:58.931,0.53865975,0.45435804,-1.569445,0.3231882,0.2767827,-0.044932928,-2.572479,0.30629587,1.0179319,0.41943732,-1.8595061,0.7735436,0.35687953,0.18022162,-1.7639924,0.52171314,-0.09769366,-0.36445838,-2.077597,0.48798907,801.4286,799.81683,1028.6813,804.2491,844.1392,-0.15899658203125,0.0458984375,1.0032958984375,1.607513427734375,-3.895416259765625,-0.366363525390625,1,1.0,1.0,2.0,1.0,55.00
2020-03-10 14:33:00.955,0.07177468,-0.43875962,-1.569445,0.21289474,-0.26882738,-0.58457524,-2.572479,0.24443923,0.15124027,-0.05136167,-1.8595061,0.5872382,0.27963004,0.08048562,-1.7639924,0.58228135,0.083317414,-0.14611846,-2.077597,0.39233354,804.65204,796.99634,1126.1904,819.9634,660.80585,-0.09710693359375,0.02264404296875,1.0067138671875,3.207550048828125,-6.003875732421875,-0.441131591796875,1,1.0,1.0,2.0,1.0,55.00
2020-03-10 14:33:03.008,0.039950676,-0.046345066,-1.569445,0.13809705,0.08870849,-0.2245508,-2.572479,0.048574243,0.64432347,0.2678983,-1.8595061,0.89953876,0.21651733,0.12085621,-1.7639924,0.43114465,-0.0033198232,-0.141487,-2.077597,0.28339788,794.17584,787.326,857.8388,790.14655,724.4689,-0.09051513671875,0.02239990234375,1.0091552734375,2.49725341796875,-4.942169189453125,-0.7177734375,1,1.0,1.0,2.0,1.0,55.00
2020-03-10 14:33:05.043,0.2687133,-0.12698433,-1.569445,0.37536916,0.36144024,-0.14092062,-2.572479,0.29637465,0.6243029,-0.017686669,-1.8595061,0.73138523,0.43891266,0.19567181,-1.7639924,0.6128407,0.02152983,0.044895634,-2.077597,0.20241055,795.38464,799.011,827.2161,777.25275,661.6117,-0.101318359375,0.0145263671875,1.0074462890625,2.5421142578125,-3.9776611328125,-1.15142822265625,1,1.0,1.0,2.0,1.0,55.00
2020-03-10 14:33:07.077,-0.39592624,-0.46287176,-1.569445,0.10972976,0.011047652,-0.053849217,-2.572479,0.09284103,0.75975126,0.221516,-1.8595061,0.8485678,0.28839108,0.091947235,-1.7639924,0.511691,-0.1832256,-0.15143903,-2.077597,0.095123135,796.1905,797.8022,736.55676,802.23444,790.14655,-0.0958251953125,0.018798828125,1.00445556640625,2.67669677734375,-4.85992431640625,-0.515899658203125,1,1.0,1.0,2.0,1.0,55.00
2020-03-10 14:33:09.085,0.28718975,0.5390276,-1.569445,0.4630553,-0.022548258,0.023830151,-2.572479,0.19097751,0.85718405,0.22024447,-1.8595061,1.0053502,0.75412107,0.13261242,-1.7639924,0.713962,-0.2712033,-0.06253821,-2.077597,0.206977,792.5641,812.3077,847.3626,796.5934,773.6264,-0.09783935546875,0.01788330078125,1.0064697265625,0.538330078125,-4.957122802734375,-2.03369140625,1,1.0,1.0,2.0,1.0,50.00
2020-03-10 14:33:11.114,0.44075316,0.9619554,-1.569445,0.6281586,0.21858117,0.15742783,-2.572479,0.19651268,0.9840402,0.42394888,-1.8595061,1.1926906,0.4129112,0.5499274,-1.7639924,0.50382173,0.29192117,0.5183815,-2.077597,0.3598975,809.0842,805.8608,803.0403,809.4872,683.7729,-0.1011962890625,0.0189208984375,1.0076904296875,1.727142333984375,-3.9178466796875,-1.614990234375,1,1.0,1.0,2.0,1.0,50.00
